Age;Nationality;Study_Hours;Reading;Listening;Writing;Speaking;Grammar;Vocabulary;Mock_Test;Education;TOPIK_Level;Years_in_Korea;KIIP_Level
50;Indonesia;675;100;100;100;100;100;100;102;Diploma;4;4,1;5
35;China;716;100;94;91;100;100;100;93;Diploma;5;4,6;5
41;Mongolia;342;70;68;59;69;63;66;68;High School;3;2;2
41;Thailand;94;43;32;28;55;38;45;41;Diploma;0;0;0
21;Mongolia;737;97;100;93;91;100;100;94;High School;5;4,7;5
27;Uzbekistan;336;49;61;65;72;58;62;61;Diploma;3;0,9;2
25;China;259;51;42;51;43;45;48;47;Diploma;2;1,1;1
52;Uzbekistan;703;100;97;100;80;100;79;92;Bachelor;4;4,3;5
50;Mongolia;123;38;44;52;40;35;19;39;Diploma;0;0;0
33;Indonesia;360;59;64;54;65;54;71;62;Diploma;2;3;2
45;Mongolia;627;91;86;84;88;88;74;84;Diploma;4;3,9;4
55;Mongolia;718;100;90;100;94;93;95;98;High School;5;4,4;5
54;Nepal;112;39;37;41;40;35;48;38;Diploma;0;0,9;0
21;Philippines;498;59;77;71;82;80;68;68;Bachelor;2;2,6;3
18;Vietnam;153;40;45;32;42;38;45;51;Diploma;0;0;0
36;Philippines;241;61;44;57;63;39;52;57;Master;2;0,2;1
29;Vietnam;277;54;57;64;56;58;54;60;High School;1;1,3;1
34;Mongolia;715;100;100;93;100;96;97;99;Bachelor;5;4,9;5
34;China;288;51;56;46;44;68;43;53;Bachelor;0;1,1;1
53;Uzbekistan;73;42;45;34;48;52;36;42;High School;0;1;0
21;Vietnam;210;50;68;51;47;50;57;51;Master;1;1,7;1
22;China;392;63;70;65;79;80;68;67;High School;1;1,7;2
40;Philippines;408;60;61;68;68;75;55;62;Diploma;2;1,1;2
35;China;248;41;66;35;58;36;64;56;High School;1;0,5;1
35;Vietnam;487;86;64;78;90;69;77;75;Bachelor;2;2,4;3
20;Vietnam;353;57;58;57;73;62;67;61;Master;2;2,2;2
30;Thailand;358;63;57;56;58;56;70;54;Master;1;2,7;2
43;Uzbekistan;172;38;57;34;31;31;52;40;Diploma;0;0;0
38;Nepal;239;35;61;44;36;46;47;46;Master;1;1,1;1
23;Mongolia;428;89;71;67;81;56;74;77;Bachelor;3;2,5;3
43;Mongolia;169;53;47;74;58;41;43;52;Diploma;1;1,4;1
21;Mongolia;695;92;93;84;100;87;100;88;High School;6;4,6;5
28;Nepal;419;81;82;65;74;70;88;78;Master;4;3;3
35;Thailand;362;55;64;48;61;77;58;62;Bachelor;2;1,2;2
55;Indonesia;580;92;90;84;91;89;96;91;Master;3;4;4
49;Mongolia;469;84;83;76;76;60;83;73;Bachelor;3;2,7;3
19;Vietnam;566;68;76;69;63;73;60;71;Master;2;2;3
34;Vietnam;248;46;55;48;51;59;45;49;Master;2;1,4;1
27;Mongolia;128;39;37;45;38;58;48;44;Diploma;0;0,3;0
28;Uzbekistan;458;77;71;66;78;88;76;72;High School;2;2,1;3
25;Indonesia;647;94;89;79;69;77;95;87;Bachelor;4;3,9;4
27;Philippines;547;96;81;91;80;87;96;93;Diploma;5;4,5;4
23;Uzbekistan;741;88;98;86;88;100;91;95;Master;5;3,7;5
39;Uzbekistan;241;39;52;41;48;45;44;45;Bachelor;1;0,6;1
36;Mongolia;581;100;89;98;94;74;88;89;Master;5;2,8;4
35;Uzbekistan;818;100;100;100;93;100;85;95;Bachelor;6;3,9;5
36;Mongolia;248;55;55;59;58;52;46;59;Bachelor;1;1,7;1
24;Indonesia;249;50;47;63;53;53;58;52;Bachelor;2;1,8;1
37;Vietnam;517;68;76;81;74;78;72;78;Diploma;2;2,9;3
37;Indonesia;86;51;32;37;30;33;41;35;High School;1;0,7;0
36;Nepal;195;47;47;57;54;47;50;49;High School;2;1,5;1
35;China;698;100;100;100;100;89;100;99;High School;5;4,6;5
23;Indonesia;99;43;45;39;29;39;44;36;Master;0;0;0
54;Indonesia;680;99;97;100;100;100;100;95;Diploma;5;6,2;5
28;Thailand;518;67;74;71;100;62;81;73;Master;4;2,6;3
50;Indonesia;723;100;88;100;89;100;100;97;Master;6;4,3;5
25;Indonesia;478;85;79;69;69;73;76;70;Diploma;3;3;3
49;Uzbekistan;716;100;100;100;96;98;100;99;Bachelor;5;4,1;5
44;Thailand;408;87;56;76;86;62;88;74;Bachelor;2;2,6;3
47;Thailand;121;53;38;46;14;24;35;34;Diploma;1;0;0
50;Thailand;749;100;100;100;93;96;100;97;High School;5;4;5
39;Philippines;412;76;90;86;80;76;90;85;High School;3;3,5;3
36;Mongolia;366;73;51;58;68;61;50;60;High School;1;1,8;2
36;Thailand;505;88;89;74;74;72;79;79;Bachelor;2;3,1;3
32;Nepal;513;82;83;63;70;77;78;71;Bachelor;3;2,2;3
45;Uzbekistan;461;76;75;77;81;59;73;74;Master;3;2,3;3
21;Nepal;389;66;71;58;64;54;59;61;Bachelor;3;1,9;2
20;Uzbekistan;189;62;46;47;44;43;46;43;Master;0;0,6;1
28;Uzbekistan;149;28;33;45;43;39;35;30;Master;0;0,8;0
53;Thailand;430;60;63;56;79;77;77;64;High School;3;2,4;2
53;Thailand;516;85;76;64;79;71;66;71;Diploma;2;1,6;3
25;Vietnam;730;91;100;100;100;96;96;96;Diploma;6;4,7;5
44;Uzbekistan;599;93;94;81;76;95;85;84;High School;5;3,2;4
21;Philippines;751;87;94;100;100;95;100;93;Bachelor;5;3;5
54;Mongolia;251;71;48;53;48;54;63;56;High School;1;1,1;1
26;Uzbekistan;660;92;89;93;92;82;98;91;Diploma;4;4,5;4
48;Nepal;125;39;38;54;41;40;47;38;Bachelor;1;0,4;0
21;Nepal;524;85;80;83;89;98;85;84;Master;3;3,3;4
36;Nepal;505;72;67;78;74;85;81;73;Master;3;2,9;3
39;Nepal;97;47;41;36;30;26;24;36;Master;1;0;0
41;China;464;75;69;73;81;87;72;77;High School;2;2,7;3
36;Uzbekistan;540;89;97;85;84;80;100;92;Bachelor;3;2,5;4
53;Indonesia;80;35;37;36;35;52;49;42;Bachelor;0;0,9;0
19;Vietnam;122;25;45;51;37;46;56;42;Diploma;0;0;0
23;Uzbekistan;489;69;79;67;85;77;65;73;Master;3;2,8;3
51;Uzbekistan;717;97;90;100;95;100;92;98;High School;6;4,9;5
26;Philippines;238;43;58;58;52;53;56;50;Diploma;0;1,5;1
54;Philippines;562;88;76;83;83;94;87;85;Master;4;3,3;4
33;Philippines;668;95;94;82;100;100;100;100;Master;5;4,5;5
40;Thailand;586;96;100;95;87;82;88;88;Diploma;4;3,1;4
46;Thailand;286;56;55;54;56;52;48;53;Bachelor;2;0,9;1
21;Thailand;222;38;43;55;42;41;45;45;Bachelor;0;1,6;1
30;Thailand;175;26;22;49;45;32;46;31;Master;0;0,1;0
46;Nepal;646;92;89;90;100;98;80;91;Diploma;4;3,2;4
34;China;352;59;68;57;67;52;55;56;Bachelor;1;1,8;2
53;Philippines;86;37;36;37;27;56;37;34;Bachelor;0;0;0
39;Nepal;210;44;38;51;39;40;50;41;Diploma;1;1,3;1
26;Philippines;237;70;56;51;48;65;42;51;Diploma;1;1,1;1
46;Mongolia;203;57;63;39;39;51;49;45;Diploma;2;1,7;1
50;Philippines;319;55;77;60;68;61;59;65;Diploma;3;1,1;2
35;Nepal;294;53;47;51;63;59;44;51;Diploma;0;1,7;1
23;Thailand;464;89;90;85;82;60;83;83;Diploma;4;2,3;3
18;Vietnam;154;38;43;38;32;41;41;39;High School;0;0;0
44;Nepal;388;55;64;68;74;59;51;63;High School;2;1,9;2
23;Thailand;119;44;31;28;37;28;34;33;High School;0;0,3;0
40;Vietnam;592;96;74;84;86;87;89;87;Bachelor;3;3,1;4
48;China;178;50;40;53;39;50;54;49;Diploma;1;0,8;1
52;Nepal;49;29;35;21;45;41;44;38;Bachelor;1;0,1;0
42;Thailand;143;40;34;31;50;44;34;38;Diploma;1;0,6;0
52;Uzbekistan;498;59;73;68;77;69;83;75;Bachelor;3;1,2;3
21;Vietnam;113;50;45;36;50;29;45;40;Master;0;0,4;0
41;Thailand;317;58;50;62;65;65;70;62;Master;2;1,7;2
25;Indonesia;621;92;88;80;90;84;89;85;Diploma;4;3,9;4
30;Vietnam;456;71;58;74;86;85;74;71;Diploma;4;2,1;3
37;China;106;23;45;36;41;33;25;31;Diploma;0;0,7;0
23;Vietnam;352;61;59;63;65;68;64;62;Bachelor;2;1,4;2
26;China;529;88;75;62;73;77;73;71;Diploma;4;2,6;3
23;Uzbekistan;499;78;59;75;80;67;74;71;Diploma;3;3;3
39;Indonesia;681;100;98;92;92;100;100;94;High School;5;3,9;5
37;Nepal;83;29;50;43;29;34;40;34;Diploma;0;0;0
43;China;709;92;100;98;95;92;100;95;Bachelor;5;4,5;5
33;China;615;72;81;85;81;89;88;85;Bachelor;5;3,4;4
31;Thailand;584;87;82;100;100;71;91;80;High School;5;3,5;4
41;Philippines;124;39;37;50;46;30;39;41;Bachelor;0;0,5;0
41;Thailand;122;31;46;43;49;48;44;44;Bachelor;0;0;0
38;Thailand;263;54;55;61;49;51;56;54;Diploma;1;0,6;1
44;Uzbekistan;472;89;75;73;82;80;67;74;High School;2;2,3;3
27;Mongolia;573;96;67;91;90;74;76;81;High School;5;3,2;4
21;China;548;91;86;94;88;95;97;95;Diploma;5;4;4
48;Mongolia;668;78;82;98;81;86;96;89;Diploma;4;3,2;4
35;Uzbekistan;351;58;61;70;62;62;69;57;High School;2;1,5;2
40;Nepal;582;81;84;80;100;86;100;90;Bachelor;3;3,4;4
32;Mongolia;685;94;100;81;95;98;95;100;High School;5;3,9;5
48;Mongolia;121;45;29;46;51;48;50;43;Bachelor;1;0,8;0
20;Philippines;365;63;66;65;52;65;77;59;Master;2;1,8;2
47;Nepal;242;59;70;44;66;44;62;62;Diploma;1;2,2;1
29;Philippines;622;82;89;91;91;82;89;82;Master;4;4,3;4
35;Thailand;611;82;84;95;100;100;69;88;Bachelor;5;4;4
36;Thailand;587;87;86;81;77;91;89;83;Diploma;4;4;4
33;Vietnam;278;41;60;49;28;58;43;43;Master;1;1,8;1
31;Nepal;582;87;84;85;86;78;85;86;High School;4;3,4;4
43;Uzbekistan;582;81;85;88;93;94;78;84;High School;3;3,3;4
26;Philippines;800;100;100;88;100;97;99;100;Bachelor;6;3,4;5
29;Philippines;464;77;59;81;73;78;91;80;Diploma;2;3,4;3
35;Mongolia;689;100;97;100;77;87;100;93;High School;5;4,5;5
33;Indonesia;122;47;43;32;41;23;45;38;Master;0;0,4;0
38;Mongolia;502;76;81;77;73;69;75;70;Bachelor;3;2;3
53;Nepal;223;45;61;51;46;55;41;47;High School;2;1,1;1
27;Nepal;318;75;59;65;57;60;66;63;High School;3;2,5;2
23;Mongolia;631;93;80;92;80;86;87;87;High School;4;4;4
18;Mongolia;348;56;71;67;64;67;53;64;Diploma;2;1,6;2
42;Nepal;705;94;100;100;94;100;95;95;Bachelor;5;4,8;5
32;China;401;63;73;60;64;72;62;65;High School;2;1;2
34;Nepal;383;66;53;60;62;57;65;59;Master;2;1,6;2
22;Indonesia;431;82;88;82;87;58;77;73;High School;2;2,5;3
49;Indonesia;517;73;83;84;80;77;77;80;High School;4;3,4;3
27;Mongolia;620;86;87;81;86;89;87;87;Diploma;4;2,8;4
37;Vietnam;625;90;73;85;87;95;82;81;High School;4;2,1;4
24;Indonesia;148;33;44;28;41;39;36;31;Diploma;0;0;0
29;Thailand;215;45;61;44;46;49;62;54;High School;0;1;1
42;China;243;40;45;50;44;56;54;46;High School;2;2;1
19;Uzbekistan;621;79;87;80;92;91;97;85;Master;4;3;4
27;Philippines;484;77;86;72;79;69;71;75;Diploma;3;2,3;3
46;Philippines;740;96;94;100;100;100;87;96;High School;6;4,5;5
42;China;67;48;45;28;31;40;39;36;Diploma;0;0,7;0
49;Mongolia;379;61;61;72;71;67;55;65;Master;2;2,2;2
30;Nepal;85;40;40;27;49;28;50;37;Bachelor;0;0,5;0
41;Vietnam;242;62;72;47;48;63;41;58;Diploma;2;1,1;1
44;Nepal;615;93;87;88;86;85;69;86;Diploma;3;4,4;4
52;Indonesia;746;87;98;100;100;100;93;94;Bachelor;6;3,8;5
43;Thailand;689;100;93;97;97;100;88;91;Master;4;4,9;5
40;Indonesia;97;35;46;40;30;39;30;37;Master;0;0;0
46;Thailand;86;34;57;52;47;39;32;42;High School;1;1;0
53;China;399;66;76;67;71;65;75;67;Bachelor;2;2,6;2
18;Mongolia;554;80;91;91;77;92;98;85;Diploma;4;4;4
49;Thailand;343;66;64;49;67;65;67;65;Master;2;1,6;2
33;Uzbekistan;624;84;90;82;95;93;98;89;High School;3;2,4;4
53;China;223;45;48;55;43;58;44;49;Master;1;0,5;1
46;Nepal;402;68;69;61;64;63;64;61;Diploma;3;2,6;2
53;Vietnam;148;45;26;34;40;42;41;34;High School;1;0,4;0
33;Uzbekistan;258;66;49;54;75;76;67;64;High School;1;1,5;2
45;China;523;64;74;91;89;84;86;86;Diploma;3;2,9;3
24;China;268;57;38;43;47;48;49;50;Master;1;1;1
49;China;175;37;56;39;51;51;40;41;Bachelor;1;0,7;0
55;Indonesia;705;92;100;88;87;100;100;91;High School;5;5,5;5
35;Thailand;686;100;100;98;94;85;100;95;Bachelor;6;5,2;5
28;Nepal;407;59;62;72;52;74;55;69;Master;3;2,1;2
41;Uzbekistan;99;41;48;39;57;39;45;40;High School;0;1;0
26;Mongolia;346;58;54;74;67;61;50;64;Master;1;2;2
24;Thailand;82;40;47;40;51;50;36;45;Bachelor;0;0,3;0
27;Philippines;355;72;74;64;59;68;63;62;Master;2;1,9;2
23;Mongolia;299;56;55;53;52;41;36;50;Bachelor;1;1;1
49;Vietnam;680;100;100;100;96;95;96;96;High School;5;4,8;5
19;Vietnam;399;64;67;62;70;56;55;54;High School;1;2;2
27;Uzbekistan;363;67;81;71;61;61;76;72;High School;3;1,4;2
37;Philippines;401;68;79;72;68;63;59;63;Diploma;1;2;2
28;Nepal;108;40;58;48;47;51;44;46;Bachelor;0;0;0
39;Philippines;528;75;73;86;87;95;87;82;Bachelor;3;3,5;4
54;Vietnam;554;99;92;85;86;80;90;91;Diploma;4;3,5;4
53;Philippines;726;100;97;99;100;95;92;102;Diploma;4;5;5
43;Vietnam;354;64;81;57;77;60;62;69;Master;2;1,8;2
47;Thailand;381;42;65;57;71;68;59;55;Master;2;2,1;2
42;Uzbekistan;191;50;41;53;47;53;51;49;High School;0;0,9;1
41;Nepal;238;51;46;50;49;52;64;55;High School;2;2;1
43;Thailand;625;91;90;89;85;80;84;90;Bachelor;4;3,4;4
25;Thailand;469;61;75;79;80;89;71;78;Diploma;4;3;3
40;Philippines;476;73;81;79;79;70;62;76;High School;3;2,6;3
26;Vietnam;684;100;95;100;100;100;100;98;High School;4;4,1;5
22;Mongolia;91;51;20;50;50;32;48;42;Master;0;0;0
49;Indonesia;235;50;64;60;53;48;54;53;Master;2;1,6;1
48;Indonesia;683;93;100;100;96;95;100;91;High School;5;3,8;5
40;Nepal;472;64;57;69;55;52;64;60;Master;3;1,8;2
40;Mongolia;408;72;59;60;67;61;69;65;Diploma;1;1,4;2
40;China;60;31;40;45;26;37;38;34;Diploma;1;0,9;0
49;Uzbekistan;282;39;44;46;35;64;54;49;Diploma;1;0,9;1
29;Thailand;484;63;78;76;74;75;68;68;High School;3;2;3
38;China;169;47;50;42;43;32;38;39;Diploma;1;0,6;0
32;China;801;96;100;95;100;97;100;91;Master;5;3,9;5
32;Vietnam;395;63;57;64;64;60;54;61;Master;1;1,2;2
46;Indonesia;172;58;50;54;47;57;38;46;Bachelor;1;1,4;1
52;Philippines;229;52;54;51;55;59;52;50;High School;2;0;1
24;Vietnam;498;76;78;65;76;70;62;71;Bachelor;3;2,8;3
45;China;313;55;48;69;60;59;51;53;High School;0;1;1
21;Philippines;100;44;29;58;31;45;48;40;Master;0;0,1;0
25;Uzbekistan;259;52;52;64;59;45;45;56;Master;1;1,3;1
46;Nepal;546;74;64;76;84;81;82;79;Bachelor;3;2,3;3
51;Philippines;252;57;43;59;62;61;58;51;Master;1;0,6;1
25;Nepal;559;82;94;81;100;96;85;86;Diploma;4;4,2;4
22;Vietnam;289;66;49;57;57;60;51;54;Master;1;1,1;1
25;Philippines;556;99;82;92;86;96;97;89;Diploma;5;3,1;4
49;Nepal;255;42;47;55;51;62;60;54;High School;1;0,1;1
35;Thailand;257;47;51;56;42;44;68;53;High School;2;0,9;1
44;Vietnam;372;66;57;62;73;62;60;63;Diploma;3;1,7;2
50;Philippines;431;69;79;90;75;62;85;76;Diploma;3;2,4;3
50;Philippines;524;89;86;93;100;91;82;89;High School;4;3,8;4
23;Uzbekistan;686;100;100;100;95;97;100;100;High School;5;4,1;5
18;Nepal;493;90;80;77;70;77;81;84;Diploma;2;3,4;3
40;Nepal;700;84;100;100;100;100;100;95;Bachelor;6;4,2;5
36;Uzbekistan;204;40;54;55;44;59;57;47;High School;1;0,3;1
51;Mongolia;535;71;97;85;65;63;75;74;High School;3;3;3
30;Thailand;629;82;91;89;89;81;88;78;Diploma;3;3,2;4
36;Vietnam;716;87;86;96;100;93;84;85;Master;5;4,9;5
39;Thailand;225;51;39;35;45;68;46;47;Bachelor;1;0,8;1
42;Uzbekistan;557;81;83;100;72;90;71;85;Master;3;4,4;4
29;Thailand;139;43;36;47;39;56;38;43;High School;0;0,3;0
45;Philippines;171;30;34;41;41;29;47;35;Master;1;0,3;0
40;Uzbekistan;491;74;77;78;83;83;76;76;Diploma;2;2,4;3
45;China;147;35;32;47;47;52;38;37;Bachelor;0;0,2;0
41;Indonesia;477;72;79;92;70;71;79;75;Master;2;2,4;3
46;Philippines;676;97;99;100;100;100;93;98;High School;6;5,1;5
50;Vietnam;634;87;100;91;99;96;88;87;Bachelor;4;3,9;4
20;Nepal;37;48;42;30;29;31;50;40;Diploma;0;0;0
24;Uzbekistan;710;100;97;100;100;100;91;98;Diploma;4;4,1;5
45;Vietnam;488;72;82;75;72;76;77;80;High School;3;2,5;3
43;Philippines;113;44;40;35;34;55;27;39;Master;0;1,1;0
24;Philippines;346;59;70;53;55;65;67;65;Master;2;2,4;2
44;Nepal;649;85;83;82;93;99;90;85;High School;4;2,4;4
51;Vietnam;74;40;39;46;36;28;41;35;Master;0;0;0
48;Nepal;757;98;90;94;90;100;100;94;Diploma;4;3,9;5
47;Nepal;118;36;40;32;36;45;29;40;Master;0;0;0
37;Mongolia;81;45;33;46;46;37;36;42;Master;0;0,6;0
25;Vietnam;342;51;62;66;65;72;53;62;Diploma;3;1,2;2
44;Vietnam;140;31;52;46;38;27;38;40;Bachelor;0;0,4;0
55;Vietnam;579;76;89;91;91;83;90;90;Master;3;3,1;4
29;China;541;65;59;82;83;73;75;77;Diploma;4;2,3;3
43;Thailand;184;33;31;47;47;33;23;33;Bachelor;0;1;0
36;Thailand;450;77;71;62;65;60;74;69;Diploma;3;2,6;3
52;Uzbekistan;735;100;88;83;87;99;98;95;Master;6;4;5
36;Mongolia;135;38;39;47;49;44;52;45;High School;0;0,6;0
21;Philippines;316;66;65;60;72;54;72;64;Master;2;1,6;2
41;Mongolia;435;97;70;72;85;82;76;83;Diploma;4;2,1;3
26;China;342;48;42;71;82;73;63;63;Bachelor;2;2,3;2
40;Vietnam;164;33;51;42;43;38;42;37;Bachelor;0;0;0
39;Thailand;621;88;88;93;96;91;79;90;Bachelor;4;3,8;4
33;Indonesia;411;66;77;37;58;74;43;59;Bachelor;3;1,9;2
49;Indonesia;555;87;92;66;68;82;72;75;Bachelor;4;2,9;3
24;Mongolia;732;100;100;100;98;100;97;101;Master;5;4,3;5
53;Vietnam;710;93;100;97;99;98;99;98;Diploma;5;4,6;5
22;Thailand;415;56;68;58;67;60;66;62;High School;1;1,9;2
26;Philippines;373;53;65;57;75;71;56;59;Bachelor;2;1,6;2
43;Vietnam;762;100;100;100;92;98;92;97;Bachelor;5;4,1;5
30;Vietnam;206;52;51;34;47;58;46;49;Diploma;1;1,3;1
55;Nepal;692;100;85;100;85;100;99;94;Bachelor;4;4,2;5
55;China;342;69;72;72;72;70;69;71;Bachelor;2;1,2;2
40;Uzbekistan;354;68;62;58;76;61;52;65;Master;2;2,4;2
22;Indonesia;534;81;96;95;93;91;95;96;High School;3;3,8;4
55;Uzbekistan;550;75;81;88;90;86;100;85;Diploma;4;3,3;4
46;China;570;80;72;75;75;76;77;75;Diploma;3;3,5;3
31;Thailand;607;99;84;100;85;80;88;89;Master;3;4,1;4
55;China;535;81;90;67;87;78;92;80;Master;3;2,4;3
18;China;726;92;100;100;98;99;100;94;Master;5;4,8;5
39;Vietnam;279;52;53;61;51;56;57;50;Master;2;1,4;1
28;Uzbekistan;701;94;100;100;100;100;100;100;Diploma;4;4,2;5
48;Nepal;549;85;98;85;86;87;85;88;Diploma;5;3,5;4
22;Mongolia;234;57;42;56;37;56;62;55;Master;1;1,9;1
52;Vietnam;419;70;76;77;58;73;69;69;High School;2;2,5;3
48;Philippines;446;66;61;75;75;87;71;71;Bachelor;2;2,9;3
36;Philippines;612;79;93;71;93;79;82;76;Bachelor;3;3,6;4
55;Uzbekistan;257;65;52;61;52;44;51;53;Bachelor;2;2;1
53;Nepal;563;91;81;91;86;99;88;85;Bachelor;4;3,6;4
39;Indonesia;367;51;57;60;66;66;60;62;Diploma;2;2,8;2
20;Philippines;463;81;76;75;79;78;83;79;Master;2;3;3
50;Mongolia;594;84;82;90;87;88;83;87;Diploma;4;3,5;4
51;Indonesia;718;100;100;100;100;100;100;102;High School;5;4;5
34;China;133;27;36;30;36;31;52;38;Master;1;1,6;0
46;Philippines;517;83;90;89;82;100;94;85;Master;4;4,2;4
38;Philippines;249;52;31;43;54;50;51;45;Bachelor;1;1,2;1
48;Thailand;634;82;75;85;87;94;77;86;Bachelor;4;3,2;4
33;Thailand;257;56;48;63;48;59;46;53;Diploma;1;1,9;1
38;Nepal;122;45;42;42;48;37;55;43;Bachelor;0;1,2;0
29;Nepal;443;81;88;67;75;76;71;73;High School;2;2,6;3
53;Uzbekistan;731;99;93;99;100;100;97;102;Diploma;5;3,7;5
54;Mongolia;312;53;65;57;71;67;76;61;High School;2;2,6;2
44;Nepal;790;100;99;100;92;100;100;102;Diploma;5;4,8;5
24;Nepal;676;87;98;100;93;90;96;94;Bachelor;4;4,8;5
54;China;362;69;57;71;69;61;68;60;Bachelor;2;2,8;2
44;Philippines;274;59;72;65;55;73;69;61;High School;2;2,2;2
55;Nepal;170;25;43;44;37;46;38;42;Master;0;0,2;0
48;Indonesia;258;52;53;50;40;63;47;56;High School;0;1,2;1
46;China;520;86;49;72;84;82;91;78;Diploma;3;2,4;3
52;China;643;89;86;79;74;83;96;82;Master;4;3,4;4
46;Uzbekistan;703;98;99;83;89;100;82;92;Bachelor;4;3,9;5
18;Philippines;475;75;82;90;76;80;70;82;Bachelor;4;2,7;3
42;Mongolia;586;85;88;88;82;93;80;90;Bachelor;5;3,9;4
29;China;107;34;42;41;22;44;28;30;Bachelor;0;1,1;0
24;Uzbekistan;126;48;32;31;38;51;40;41;Bachelor;0;0,9;0
39;Vietnam;216;49;39;52;56;44;52;43;Diploma;1;1,9;1
42;Nepal;103;43;39;47;35;38;44;41;Diploma;0;0,2;0
53;Vietnam;651;100;99;99;96;97;95;100;Bachelor;5;5,1;5
35;Vietnam;496;86;72;71;88;65;76;74;Master;3;2,4;3
21;Indonesia;257;54;52;53;43;45;47;47;Bachelor;0;1,3;1
30;Indonesia;760;93;100;100;100;100;95;95;Master;6;4;5
53;China;314;63;58;76;67;54;60;61;High School;2;1,9;2
41;Mongolia;600;96;91;93;87;95;99;94;Bachelor;3;3,3;4
51;Vietnam;736;100;100;100;95;94;87;95;High School;6;4,6;5
21;Thailand;249;49;52;53;56;55;63;56;Diploma;1;0,7;1
44;Thailand;551;87;86;98;82;100;81;82;High School;4;3,6;4
30;Mongolia;569;81;87;90;94;90;100;93;Diploma;5;4,2;4
29;Philippines;575;84;84;87;79;96;95;88;Bachelor;5;3,9;4
38;Mongolia;819;96;100;100;93;100;90;99;Diploma;6;4,1;5
37;Indonesia;465;77;57;75;96;68;78;65;Bachelor;2;1,3;3
24;Indonesia;169;49;53;58;54;33;59;50;Master;1;0,5;1
48;China;318;67;69;68;60;63;70;65;Master;2;1,6;2
40;Philippines;734;87;95;85;100;100;100;98;Master;5;3,7;5
38;Mongolia;97;43;35;33;31;53;40;37;Diploma;0;0,6;0
26;Thailand;113;49;27;15;53;37;36;38;High School;0;0;0
30;Mongolia;492;73;74;73;77;62;75;67;Diploma;3;2,9;3
19;Uzbekistan;143;40;39;48;35;30;46;41;Diploma;0;0,1;0
27;Uzbekistan;370;45;47;59;65;78;68;61;High School;1;2,4;2
53;Nepal;402;65;62;60;62;64;66;66;Diploma;2;2,1;2
18;Vietnam;706;99;98;89;94;100;100;100;Master;5;5,2;5
50;Vietnam;728;100;97;100;91;86;100;93;Bachelor;6;4,1;5
28;Indonesia;506;82;68;79;84;58;80;73;Bachelor;3;2,8;3
53;Uzbekistan;719;100;93;100;100;100;85;91;Diploma;4;3,6;5
37;Thailand;277;47;58;60;61;40;50;52;Master;2;0,6;1
45;China;618;92;95;96;77;82;89;82;Diploma;4;3,1;4
35;China;390;72;68;63;58;66;60;66;Diploma;3;2;2
40;Vietnam;90;38;41;41;51;39;31;38;Master;0;0;0
35;Philippines;254;41;51;50;44;57;44;41;Diploma;0;1,3;1
33;Philippines;709;100;97;95;100;100;100;95;Master;6;3,7;5
20;Mongolia;71;28;30;38;32;49;36;32;Master;0;0,1;0
47;China;755;98;100;100;100;79;100;92;Master;5;4,9;5
19;China;357;61;62;59;63;68;56;59;Master;2;1,7;2
23;Vietnam;645;92;100;77;90;85;82;85;Master;3;3,4;4
27;China;695;93;100;89;100;80;98;96;Diploma;5;4,6;5
18;Uzbekistan;232;46;52;49;47;64;58;58;High School;1;1,6;1
33;Uzbekistan;459;66;76;79;65;70;76;75;Diploma;4;2,2;3
21;Vietnam;129;45;41;42;37;43;50;41;Master;0;0;0
37;Thailand;296;55;57;45;41;42;47;49;Bachelor;1;0,9;1
51;Mongolia;483;74;81;63;77;73;71;71;Diploma;4;3;3
34;Thailand;551;97;91;97;86;98;94;88;Diploma;4;3;4
25;Indonesia;643;94;79;84;81;81;92;77;Master;3;3,1;4
36;Uzbekistan;682;100;87;100;100;97;100;99;High School;5;5;5
30;Thailand;390;64;60;73;64;60;59;60;Bachelor;2;0,7;2
21;Uzbekistan;769;91;100;100;100;100;100;99;Bachelor;6;3,5;5
39;Philippines;578;79;82;86;82;74;93;82;Diploma;3;3,9;4
46;Uzbekistan;593;83;84;98;97;82;100;88;Diploma;3;3,1;4
30;Thailand;580;88;86;91;91;74;95;88;Master;4;4,1;4
51;Vietnam;610;100;95;93;100;100;100;97;High School;5;4,1;5
19;Uzbekistan;362;55;75;58;61;62;61;61;Diploma;2;1,2;2
38;Uzbekistan;369;66;70;50;61;60;58;61;Diploma;1;2,1;2
24;Philippines;692;100;100;90;100;100;100;98;High School;4;4,4;5
52;Vietnam;97;35;42;31;33;46;29;34;Master;0;0;0
32;China;614;76;97;98;95;83;76;84;Bachelor;4;3,4;4
36;Thailand;399;54;71;56;51;70;58;54;Diploma;2;2;2
33;Mongolia;549;90;99;96;90;81;79;88;Diploma;5;3;4
54;Nepal;490;70;80;80;66;77;67;75;High School;3;2,1;3
38;Nepal;633;98;82;83;95;93;85;86;High School;5;2,9;4
30;Mongolia;99;40;44;28;33;44;27;32;Bachelor;0;0;0
50;Philippines;399;70;48;56;57;82;43;60;Diploma;1;1,8;2
43;Thailand;381;79;70;64;63;43;55;62;Master;1;2,2;2
36;China;511;88;68;82;71;68;78;73;Diploma;3;3,6;3
45;China;163;41;40;38;30;17;49;39;Master;1;0,7;0
44;Thailand;601;74;74;94;83;91;87;83;High School;4;2,7;4
23;Mongolia;108;28;34;46;45;38;35;36;Master;0;0;0
48;Nepal;691;100;98;79;100;100;100;97;Master;4;4,7;5
28;Indonesia;651;87;79;100;84;87;90;90;Bachelor;4;3,1;4
18;Vietnam;697;100;95;95;100;100;100;100;Diploma;5;4,6;5
27;China;618;87;76;84;91;89;82;84;Master;3;4,1;4
21;China;535;78;76;70;65;80;79;78;Master;2;2,3;3
46;Philippines;458;67;77;93;70;77;88;85;Bachelor;4;2,9;3
35;Uzbekistan;589;89;87;85;97;82;96;86;High School;4;4,4;4
18;Vietnam;370;59;57;65;50;62;53;57;High School;2;2,3;2
25;Vietnam;502;77;79;78;70;77;74;76;High School;3;2,9;3
47;Uzbekistan;591;96;96;96;81;100;84;91;Master;5;3,1;4
34;Uzbekistan;747;97;100;92;97;100;100;99;Diploma;4;4;5
24;Indonesia;444;96;85;78;83;73;72;85;High School;2;2,6;3
27;Thailand;160;33;34;37;23;45;46;34;Master;0;1;0
48;Vietnam;605;100;88;89;78;77;95;95;Bachelor;4;3,3;4
36;Mongolia;383;64;60;56;50;49;72;58;Diploma;3;2,1;2
30;Indonesia;590;95;89;92;99;96;81;91;Diploma;5;3,7;4
21;Thailand;466;71;65;85;70;68;90;74;High School;3;2,8;3
19;Nepal;507;86;85;71;68;68;61;74;High School;2;3,2;3
24;Vietnam;298;53;50;47;53;54;46;50;Master;0;0,8;1
31;Indonesia;586;89;82;90;80;96;66;80;Diploma;4;3,1;4
24;Philippines;375;82;69;66;64;59;60;70;Diploma;2;1,9;2
35;Nepal;108;42;37;58;40;37;29;39;Master;1;1,1;0
44;Indonesia;240;46;62;47;56;53;32;45;Diploma;1;0,5;1
27;Nepal;251;59;58;58;56;52;42;53;Master;1;1,9;1
20;Vietnam;265;57;61;67;59;54;53;54;High School;2;0,3;1
32;Vietnam;574;94;100;84;88;98;80;90;Bachelor;4;3,3;4
31;Nepal;278;34;62;59;57;46;53;52;Diploma;1;0,1;1
47;Philippines;524;69;82;78;83;75;83;82;Diploma;3;2,8;3
23;Philippines;337;75;65;70;71;75;80;70;Master;2;1,3;2
44;Indonesia;218;39;43;49;64;51;46;54;High School;1;1,7;1
53;Indonesia;429;67;75;66;68;79;80;74;Master;2;3,2;3
26;Philippines;220;56;56;49;49;45;52;54;Diploma;0;0,2;1
52;Mongolia;395;62;55;55;75;64;54;60;High School;2;1,5;2
53;Vietnam;625;97;79;100;94;80;73;85;Diploma;3;3,8;4
38;Thailand;222;55;57;51;58;57;61;55;Bachelor;1;1,4;1
22;Mongolia;639;85;82;94;90;78;88;83;Master;4;4;4
51;Indonesia;137;42;54;48;35;59;44;43;Bachelor;0;0,1;0
39;Philippines;476;85;74;80;81;65;79;79;Bachelor;3;2,9;3
28;Uzbekistan;688;91;95;94;89;93;100;95;Diploma;5;4,2;5
27;China;464;71;80;78;72;71;95;78;Diploma;3;2,5;3
27;Thailand;161;44;46;41;44;44;44;44;Master;0;0,7;0
50;Thailand;675;97;86;89;89;100;82;95;Bachelor;4;3,1;4
25;Nepal;425;76;92;63;76;50;68;64;High School;3;2,5;3
35;Mongolia;217;50;48;62;53;53;59;52;High School;1;1,7;1
41;Philippines;118;37;31;37;38;36;34;39;Diploma;0;0;0
46;Uzbekistan;730;100;93;95;100;86;100;95;Diploma;6;4,1;5
22;Philippines;712;91;100;98;100;97;97;100;High School;5;4,4;5
37;Uzbekistan;134;25;49;31;45;36;26;34;Master;1;0,5;0
44;China;647;97;87;82;89;83;84;85;Master;4;3,3;4
48;Vietnam;694;98;98;100;90;100;98;100;Bachelor;6;4,7;5
35;Thailand;630;79;87;86;87;98;93;85;Master;3;3,3;4
38;Thailand;722;100;96;97;100;100;96;96;Bachelor;4;4;5
44;Thailand;354;61;59;52;72;69;64;62;Diploma;3;1,4;2
25;China;184;41;49;46;27;28;35;31;High School;0;0;0
19;Vietnam;476;84;68;86;81;82;85;80;Diploma;3;3;3
45;Indonesia;217;54;48;52;56;54;54;56;Diploma;0;0,3;1
25;Mongolia;114;41;51;42;32;35;41;40;Diploma;0;0,3;0
55;Indonesia;198;51;50;60;62;50;62;54;Diploma;1;1,9;1
41;China;717;99;100;100;100;94;100;102;Master;6;4,4;5
49;Thailand;796;100;98;95;100;100;100;95;Bachelor;4;5,2;5
53;Philippines;615;90;87;84;80;88;75;78;Bachelor;4;3,1;4
23;Vietnam;520;77;78;80;68;73;71;71;Diploma;2;2,7;3
25;Mongolia;478;81;67;82;90;86;78;80;Master;4;3,1;3
27;Nepal;750;86;100;100;89;100;85;96;High School;6;4,1;5
42;Thailand;126;39;39;49;37;36;42;42;Diploma;0;1;0
52;Indonesia;375;61;61;75;70;65;49;59;High School;3;2,6;2
28;Nepal;483;75;78;73;61;80;73;77;Master;3;3;3
49;Philippines;201;48;59;52;41;41;52;45;Bachelor;1;1;1
42;Vietnam;406;63;63;65;78;68;56;66;Master;2;2,9;2
52;Thailand;405;72;63;69;66;64;70;68;High School;2;2,3;2
38;Vietnam;485;79;71;68;67;75;84;74;Master;4;3,1;3
22;Mongolia;91;38;34;25;40;37;35;29;Bachelor;0;1,6;0
35;Vietnam;344;64;89;71;59;67;63;67;Master;2;2;2
53;China;457;79;89;72;70;78;67;75;High School;4;2,6;3
54;Indonesia;706;100;95;84;95;97;100;96;Diploma;6;3,1;5
36;China;409;58;65;63;50;68;57;61;Bachelor;2;1,1;2
45;Indonesia;785;94;93;95;100;100;100;97;Diploma;6;3,7;5
38;Uzbekistan;294;51;53;53;45;41;48;54;High School;0;1,3;1
51;Uzbekistan;423;81;85;68;82;70;84;82;Master;2;2,8;3
31;Uzbekistan;119;40;44;42;33;33;35;38;Master;1;0;0
27;Thailand;470;79;75;86;68;76;82;79;Master;3;2;3
41;Vietnam;723;95;100;89;86;100;100;94;Diploma;5;4,1;5
28;Nepal;495;83;62;87;58;89;75;73;Bachelor;3;2,9;3
28;Uzbekistan;662;98;100;100;88;100;96;100;High School;6;4,8;5
26;Indonesia;304;53;52;70;57;61;59;57;Master;3;1,7;2
48;China;268;47;46;56;54;30;49;47;Bachelor;2;0,4;1
19;Indonesia;251;45;46;38;53;46;47;40;Diploma;1;2;1
18;Philippines;119;45;39;38;35;33;44;40;Master;0;0,5;0
31;Mongolia;694;100;94;100;100;100;100;96;Bachelor;6;4,3;5
23;Indonesia;663;96;92;96;100;98;100;93;Master;5;3,6;5
21;Thailand;264;46;66;36;47;55;45;48;Diploma;0;0,9;1
41;China;505;98;61;95;68;65;68;74;High School;4;2,8;3
25;Thailand;603;95;90;92;80;88;84;85;High School;4;3,4;4
28;Thailand;234;30;52;50;59;36;59;44;Master;1;2;1
47;Philippines;250;51;34;45;46;45;53;48;High School;1;1,3;1
28;Uzbekistan;492;83;77;73;67;60;76;73;Diploma;2;2,5;3
19;Uzbekistan;587;94;88;87;88;82;93;88;High School;4;3,3;4
20;Nepal;469;63;89;81;80;84;77;78;Bachelor;3;2,1;3
53;Philippines;672;99;100;99;100;95;100;104;High School;4;4,1;5
45;Uzbekistan;452;75;81;77;67;81;76;78;Diploma;3;3;3
41;China;333;70;56;50;54;63;70;59;Master;3;1,4;2
48;Uzbekistan;742;97;100;95;100;100;100;97;Diploma;4;4,8;5
44;Vietnam;221;60;49;45;52;60;42;49;Master;2;1,6;1
44;Uzbekistan;717;97;85;93;100;100;98;96;Bachelor;5;3,7;5
34;Vietnam;665;85;85;74;74;92;78;79;Master;3;3,6;4
41;Philippines;568;95;88;99;88;80;90;88;Bachelor;5;2,8;4
45;Mongolia;107;53;40;40;41;40;55;49;High School;0;0,5;0
30;Uzbekistan;322;64;59;60;65;74;56;65;Master;1;2,1;2
20;Nepal;140;31;38;43;44;33;31;34;Master;0;0;0
44;Nepal;486;63;74;91;69;79;71;72;High School;3;2,7;3
55;Thailand;527;73;67;67;67;78;82;72;Master;3;2,2;3
23;Nepal;214;61;43;45;57;62;47;50;Diploma;1;1,5;1
40;Uzbekistan;238;47;55;62;58;56;58;56;Bachelor;0;1,1;1
40;Indonesia;706;100;100;100;98;100;100;90;Bachelor;5;4,1;5
24;Vietnam;266;54;61;39;49;49;70;46;High School;0;1,5;1
26;Vietnam;561;96;94;100;75;91;93;93;Diploma;3;3,7;4
41;Mongolia;484;82;89;73;91;76;69;82;Diploma;4;2,9;3
18;Vietnam;637;82;90;90;80;80;92;88;High School;4;2,8;4
51;Uzbekistan;308;61;55;84;65;66;64;60;Master;1;1,2;2
31;Nepal;514;85;67;84;66;73;82;75;Bachelor;3;1,7;3
31;Vietnam;768;91;95;100;99;100;93;94;Bachelor;5;4,3;5
21;Thailand;614;81;97;100;90;82;86;90;Bachelor;5;3,1;4
55;Mongolia;734;99;95;99;100;80;90;93;Bachelor;5;4,8;5
24;China;360;60;77;61;52;61;54;62;Master;2;2,3;2
34;Nepal;491;69;78;77;82;70;68;73;Master;4;2;3
20;China;441;68;57;75;67;80;84;70;Bachelor;2;2,8;3
36;Nepal;125;31;33;35;47;47;44;46;High School;0;0;0
20;Philippines;257;58;60;68;57;56;48;56;Master;0;0,6;1
46;Nepal;542;87;84;96;83;94;95;91;Diploma;5;3,7;4
28;Indonesia;634;93;100;95;92;100;100;96;Bachelor;6;4;5
50;Indonesia;584;76;80;78;100;98;74;83;High School;5;4,1;4
19;Thailand;748;100;98;100;100;100;100;98;Master;5;3,9;5
23;China;250;53;38;60;49;57;54;53;Bachelor;1;1,2;1
25;Indonesia;495;74;73;80;74;74;69;73;Diploma;3;2,9;3
22;Nepal;251;71;52;41;38;52;49;51;High School;2;1,6;1
23;Mongolia;484;64;62;86;77;72;74;71;Diploma;3;2;3
28;Indonesia;349;71;59;62;64;83;73;70;High School;2;2,8;2
37;Vietnam;495;75;82;63;48;79;71;69;Master;3;2,4;3
34;Nepal;739;89;100;100;93;97;90;94;Bachelor;5;4,7;5
29;Philippines;292;48;45;56;71;43;67;55;Master;2;1,9;1
42;Thailand;492;76;62;72;74;73;90;70;Master;3;2,3;3
30;Vietnam;297;59;39;56;51;48;55;49;Bachelor;1;1,1;1
25;Uzbekistan;722;88;100;100;100;99;87;95;Master;6;4,3;5
51;Uzbekistan;248;40;48;40;47;49;50;51;Diploma;1;1,2;1
38;Philippines;654;93;100;100;95;90;93;95;Master;4;4,8;5
39;Vietnam;434;70;70;54;64;76;67;65;High School;3;2,2;2
48;Philippines;749;100;100;100;100;95;100;100;High School;4;4,9;5
46;Vietnam;632;93;70;91;82;68;91;87;Master;4;2,7;4
21;Uzbekistan;565;83;100;100;94;84;97;91;Master;5;3,5;4
45;Vietnam;60;42;41;54;45;30;46;39;Bachelor;0;0,8;0
54;China;735;100;100;94;93;100;100;97;Bachelor;5;4,1;5
27;China;345;52;70;58;66;64;61;59;Master;2;2,4;2
45;Thailand;343;79;58;59;73;62;61;70;Diploma;1;2;2
28;Vietnam;187;48;47;56;54;39;53;47;Master;1;1,3;1
42;Mongolia;125;34;22;40;32;30;34;32;Master;0;0;0
30;Uzbekistan;193;52;51;59;52;47;50;52;Diploma;1;1,4;1
26;Philippines;246;52;61;43;46;60;52;46;High School;0;1,7;1
27;China;480;70;61;64;78;53;47;62;Diploma;3;1,7;2
27;Thailand;180;49;39;49;48;59;40;43;Diploma;1;1,2;1
50;Thailand;111;35;35;46;46;31;35;39;Master;0;0;0
31;Mongolia;560;94;81;89;79;96;85;90;Diploma;3;3,4;4
51;Thailand;448;81;69;70;91;59;67;72;Diploma;3;3,1;3
29;Nepal;613;81;97;90;83;95;81;87;Diploma;3;3,1;4
52;Mongolia;377;59;58;77;71;52;63;65;Bachelor;1;0,8;2
18;Uzbekistan;221;57;49;46;51;38;54;48;Bachelor;1;0,9;1
31;Nepal;300;65;56;55;69;58;56;61;Diploma;2;1,8;2
31;Nepal;612;83;79;82;73;90;86;79;Master;5;3,8;4
43;Uzbekistan;582;92;88;92;83;87;78;82;Bachelor;4;3,1;4
42;Mongolia;590;93;100;90;92;85;94;89;Master;5;3;4
49;Indonesia;133;34;38;48;46;23;45;43;Diploma;0;0,4;0
38;Philippines;228;54;70;60;50;57;50;58;Master;1;1,7;1
48;China;259;56;51;40;58;38;63;46;Bachelor;1;2,1;1
51;Thailand;597;93;91;100;82;89;96;88;Master;4;3,8;4
29;Philippines;514;73;76;85;82;82;72;74;Diploma;4;2;3
28;Uzbekistan;281;42;62;44;35;56;56;53;Bachelor;1;0,2;1
38;Philippines;611;100;93;99;94;75;100;93;Master;4;3,8;5
43;Indonesia;185;42;51;61;48;52;47;53;High School;1;0,5;1
28;China;335;77;75;57;75;61;64;71;High School;3;1,8;2
29;Mongolia;627;99;93;91;80;86;100;89;High School;4;3,4;4
21;Philippines;711;91;98;100;100;88;98;92;Diploma;5;4,1;5
24;China;237;55;47;56;59;56;59;59;Diploma;1;1,4;1
38;China;40;36;41;35;49;42;45;41;High School;0;0;0
44;Uzbekistan;456;79;75;74;77;81;72;75;Master;3;2,6;3
26;Thailand;97;36;26;49;35;39;43;34;Diploma;1;0,9;0
50;Indonesia;722;80;100;87;100;98;100;92;Diploma;5;4,8;5
20;Mongolia;151;27;28;35;52;40;28;35;Master;0;0,5;0
32;Thailand;735;100;100;97;94;100;100;101;Bachelor;4;3,5;5
22;Nepal;252;52;54;72;40;55;40;53;High School;1;2,1;1
45;Nepal;279;62;75;59;55;50;56;57;Bachelor;0;1,2;1
43;Philippines;221;50;46;54;57;50;60;59;Diploma;2;0,8;1
37;China;423;86;67;79;74;62;82;75;Diploma;2;3,2;3
41;Nepal;354;59;68;61;74;56;64;69;Master;2;1,6;2
42;China;443;76;95;68;69;82;69;76;Diploma;2;2,6;3
33;Nepal;471;89;72;76;68;73;65;78;High School;4;2,8;3
18;Vietnam;398;58;55;55;60;53;63;55;High School;2;1,7;2
52;Philippines;734;98;92;94;79;100;100;93;Bachelor;6;4,1;5
43;Uzbekistan;674;100;86;100;99;96;90;96;High School;5;4,1;5
49;China;237;52;51;63;57;40;50;52;High School;1;0,8;1
24;China;458;79;70;73;80;88;77;77;High School;4;3,7;3
55;Indonesia;360;67;66;65;64;64;73;66;High School;2;1,8;2
39;Thailand;159;51;51;51;33;37;53;46;Bachelor;2;0,7;1
26;Indonesia;352;71;46;60;57;71;66;63;High School;3;2,1;2
18;Thailand;565;82;85;100;91;80;79;86;High School;4;3;4
48;Vietnam;680;98;100;100;93;89;100;92;Master;4;4,7;5
37;Nepal;305;79;54;56;75;52;66;64;Diploma;1;2,5;2
42;Uzbekistan;474;84;73;70;74;85;92;83;Diploma;2;2,5;3
32;Vietnam;752;100;99;100;100;97;100;98;Bachelor;5;4,3;5
23;Thailand;456;87;68;74;64;80;55;72;Diploma;3;2,8;3
42;Philippines;759;100;100;96;100;100;90;101;Bachelor;5;4,1;5
32;Nepal;428;69;46;72;72;60;61;67;Master;2;2;2
35;Nepal;194;67;48;49;44;39;48;57;Diploma;0;0,5;1
29;Nepal;527;70;96;89;81;83;86;83;Master;3;1,7;3
43;Vietnam;350;61;75;62;78;43;57;54;Bachelor;3;1,2;2
26;Nepal;304;62;59;68;57;73;73;63;Master;2;1,5;2
42;Philippines;332;65;68;60;65;59;59;61;Diploma;2;2;2
43;Nepal;42;57;52;41;42;51;38;46;Bachelor;1;0;0
35;Nepal;717;100;95;97;99;86;100;97;Bachelor;6;4,8;5
55;China;79;42;42;28;40;38;39;37;Master;0;0;0
19;Philippines;529;72;88;75;74;79;70;73;Master;4;3,1;3
18;Nepal;192;29;38;36;26;49;49;40;Bachelor;0;0,1;0
41;China;178;30;50;42;38;37;39;40;Master;0;0,5;0
40;Mongolia;676;100;100;100;96;100;88;88;High School;5;4,5;5
35;China;643;96;100;94;100;100;100;97;Master;5;4;5
35;Mongolia;82;34;38;37;36;21;45;34;Bachelor;0;0;0
22;Uzbekistan;689;87;79;75;81;82;100;84;High School;4;3,4;4
32;Philippines;589;95;94;98;92;83;93;92;High School;4;4,5;4
24;Indonesia;122;43;45;51;34;53;30;36;Diploma;0;0;0
50;China;303;71;61;56;74;73;62;64;Diploma;3;1,4;2
29;Nepal;231;48;42;61;64;56;64;59;Bachelor;2;1,1;1
23;Vietnam;456;69;75;58;84;86;66;70;High School;3;3,6;3
50;China;798;100;100;100;97;98;95;97;Master;6;4,3;5
33;Indonesia;529;47;73;85;67;66;82;68;Master;4;2,3;3
49;Philippines;270;39;44;37;46;51;65;46;Diploma;2;0;1
54;Philippines;349;71;62;57;50;73;51;61;Diploma;2;2,5;2
47;Thailand;330;76;82;55;47;62;79;65;Bachelor;1;2;2
18;China;373;69;68;62;56;72;64;59;Bachelor;2;2,5;2
28;China;233;61;44;53;40;64;45;50;Bachelor;2;1,8;1
48;Uzbekistan;674;93;100;100;96;100;100;99;High School;4;4,8;5
26;Vietnam;419;80;66;76;74;72;76;76;High School;4;2;3
49;Vietnam;77;45;45;52;41;54;44;44;Master;0;0,6;0
30;Nepal;258;54;42;43;54;57;56;46;High School;2;0,9;1
45;Indonesia;745;98;89;100;100;96;96;103;Diploma;5;4,6;5
21;Uzbekistan;116;38;45;34;27;38;45;38;High School;1;0,1;0
24;Philippines;411;51;78;62;58;68;60;63;Diploma;2;1,9;2
55;Thailand;363;72;71;61;62;67;74;65;Diploma;2;2,2;2
24;Vietnam;808;98;100;100;100;92;92;98;Bachelor;5;4,6;5
41;Nepal;366;72;60;40;67;76;69;63;High School;2;1,5;2
30;Philippines;473;83;79;84;72;86;77;81;Master;2;2,5;3
29;Indonesia;717;99;90;98;100;100;89;98;Diploma;5;3,8;5
25;China;570;90;100;98;78;75;91;87;Diploma;4;3,4;4
31;Vietnam;138;46;33;38;27;25;39;33;High School;0;0,4;0
18;Thailand;713;93;100;97;100;97;90;95;Diploma;5;3,8;5
34;Mongolia;711;100;100;98;100;98;100;97;Master;6;4,3;5
29;Nepal;235;49;56;41;40;45;57;49;Diploma;1;0,6;1
22;China;242;49;55;60;50;40;56;54;High School;1;1,3;1
18;Indonesia;496;76;93;79;75;63;73;75;Diploma;4;2,1;3
23;Mongolia;235;54;52;45;62;47;52;48;Diploma;1;1,3;1
52;Uzbekistan;453;77;59;78;69;70;76;72;High School;2;2,6;3
25;Nepal;634;88;94;82;93;88;89;90;Diploma;5;3,3;4
51;Thailand;133;43;59;39;43;36;46;42;Diploma;0;0,2;0
34;Vietnam;789;96;84;100;95;89;96;96;High School;5;4,2;5
23;Thailand;246;52;47;57;58;58;31;52;Diploma;2;0,9;1
42;Philippines;231;50;52;44;42;52;62;49;Master;1;0,9;1
18;Mongolia;552;78;85;91;80;80;83;82;High School;4;3,1;4
47;China;415;58;45;56;66;62;54;52;Master;2;2,5;2
55;Vietnam;234;53;57;51;48;50;47;47;Master;2;0,3;1
48;China;621;96;89;86;85;90;97;88;Bachelor;4;3,6;4
45;Nepal;486;69;79;78;63;74;80;73;Bachelor;3;2,6;3
43;Indonesia;592;87;75;87;83;90;97;86;Diploma;4;3,8;4
45;Mongolia;460;81;88;61;70;79;67;77;Bachelor;4;3,4;3
37;Mongolia;140;52;46;44;41;32;40;43;Diploma;0;0,6;0
40;Uzbekistan;709;100;97;100;100;100;100;99;Master;4;4,3;5
50;China;584;87;92;100;84;66;86;88;High School;3;2,8;4
27;China;643;90;79;89;86;94;98;93;Bachelor;4;3,8;4
22;China;510;66;77;68;65;88;60;67;Master;3;2,8;3
22;Uzbekistan;133;41;35;46;32;53;37;41;Bachelor;0;0,4;0
25;Nepal;364;69;68;66;64;57;57;60;High School;2;2,4;2
46;Uzbekistan;408;69;57;75;50;69;69;67;High School;2;0,9;2
22;Mongolia;592;92;90;87;91;75;83;88;Master;5;3,9;4
39;Vietnam;487;72;69;66;77;77;72;72;Bachelor;4;2,9;3
38;Indonesia;369;58;73;63;61;55;63;64;Master;2;2,2;2
27;Vietnam;170;46;37;31;43;55;45;42;Bachelor;0;0,1;0
39;Uzbekistan;552;80;90;83;68;78;79;80;Diploma;4;2,8;3
30;Vietnam;207;47;58;39;53;58;62;54;Diploma;2;1,7;1
38;Vietnam;354;54;56;51;62;49;63;51;Master;3;2,8;2
52;China;375;63;63;49;68;70;70;63;Master;2;1,9;2
49;Nepal;245;46;40;68;62;50;66;55;Master;0;2,2;1
45;Uzbekistan;447;67;88;56;85;66;91;72;High School;3;2,8;3
46;Indonesia;141;37;41;36;33;31;32;28;Bachelor;0;0,3;0
43;Indonesia;443;79;89;72;74;88;60;72;Bachelor;4;3,4;3
20;Indonesia;195;59;45;51;48;46;66;52;High School;2;1,1;1
21;Philippines;206;55;37;38;50;49;56;49;Diploma;2;0,9;1
54;Philippines;741;100;90;100;94;100;100;95;Bachelor;4;4,2;5
26;Nepal;627;91;93;89;89;100;88;91;Bachelor;3;4,1;4
35;Vietnam;300;51;53;69;49;61;52;50;Diploma;0;1,3;1
41;Mongolia;737;100;100;100;97;100;98;102;Master;5;4,6;5
28;China;144;45;38;40;58;49;50;48;Bachelor;1;0;0
25;Mongolia;55;49;33;29;28;45;44;40;High School;0;1,6;0
35;Uzbekistan;616;99;97;89;97;100;92;97;Master;4;3,3;4
35;Philippines;204;59;49;45;49;51;42;49;High School;1;1,1;1
38;Vietnam;563;93;90;77;90;92;86;89;Master;4;2,9;4
51;Thailand;505;78;83;87;67;60;81;74;Master;4;2,6;3
25;Indonesia;144;54;50;49;35;42;40;46;Bachelor;0;0,1;0
22;Philippines;684;100;100;86;100;100;93;98;Master;5;4,7;5
55;Philippines;368;67;66;59;72;66;70;68;Diploma;2;2,3;2
20;Thailand;662;89;88;90;77;96;88;93;High School;3;4,5;4
21;Philippines;149;29;25;42;34;43;36;37;Bachelor;1;1,1;0
45;Mongolia;739;100;99;88;86;100;84;98;Diploma;4;4,5;5
25;Indonesia;114;59;46;56;28;52;58;48;Bachelor;0;0,6;0
44;Nepal;104;38;52;42;32;34;22;39;High School;0;0,2;0
23;Thailand;651;77;77;86;76;69;82;80;Diploma;4;3,6;4
31;Thailand;701;90;87;98;97;94;100;94;Bachelor;6;3,8;5
43;Mongolia;752;100;95;100;82;99;100;95;High School;5;5,3;5
19;Nepal;373;53;69;74;60;71;69;67;Master;1;2,1;2
41;Vietnam;393;60;62;82;71;68;69;68;High School;2;1,7;2
25;Mongolia;686;86;100;100;100;100;100;95;High School;4;3,9;5
24;Mongolia;191;29;48;33;40;49;37;36;Bachelor;1;0,1;0
33;China;514;79;89;72;81;65;68;75;Bachelor;4;3;3
22;China;723;84;100;100;100;97;100;98;High School;5;4,1;5
28;China;652;82;95;100;88;85;88;91;High School;4;3,6;4
40;Uzbekistan;118;31;35;52;27;43;46;39;Bachelor;0;0;0
27;Thailand;599;90;72;96;81;97;95;91;Master;5;3,4;4
52;Nepal;97;30;40;53;47;38;39;39;Diploma;0;1;0
47;Thailand;376;70;60;58;73;70;61;66;Bachelor;2;2,5;2
49;Uzbekistan;193;36;49;38;36;31;52;37;High School;0;0;0
36;China;313;66;64;61;74;70;66;68;High School;1;2,2;2
45;Philippines;731;100;96;100;100;100;100;99;High School;6;3,8;5
37;Uzbekistan;398;73;58;67;71;74;53;68;High School;2;2,6;2
50;Thailand;333;71;53;59;56;61;70;64;Master;2;2,2;2
41;China;308;56;67;62;65;45;56;59;Bachelor;2;2,3;2
35;Vietnam;53;29;40;32;39;40;45;37;Bachelor;0;0,1;0
53;Nepal;573;93;91;80;88;100;92;89;Diploma;3;2,8;4
25;Vietnam;159;42;61;44;58;61;48;48;High School;1;1,3;1
29;Mongolia;228;48;49;56;55;37;54;48;Bachelor;0;1,2;1
50;Mongolia;583;96;81;73;81;82;84;78;Master;4;3,8;4
36;Nepal;474;73;87;85;73;72;69;77;High School;4;2,5;3
47;Nepal;568;83;79;94;99;90;83;86;Bachelor;4;3,9;4
39;Nepal;110;47;39;45;32;32;50;37;Diploma;0;0,4;0
54;Uzbekistan;325;74;66;52;66;62;68;63;Diploma;2;2,6;2
48;Thailand;732;91;100;93;100;98;100;95;Diploma;4;4,1;5
25;Indonesia;782;91;100;96;100;91;83;92;High School;5;4,5;5
36;Mongolia;404;76;65;85;60;70;87;74;Diploma;3;3,7;3
18;Thailand;695;100;100;100;100;95;90;95;Master;5;4,1;5
53;China;533;85;87;93;99;97;81;87;High School;5;3,5;4
19;Mongolia;451;75;69;79;78;77;77;77;Bachelor;3;3;3
25;Nepal;362;58;68;67;60;61;73;63;Bachelor;2;2,5;2
33;Nepal;700;100;100;100;99;100;100;98;High School;4;3,5;5
26;Uzbekistan;560;98;80;88;85;100;85;91;High School;3;3,1;4
19;Mongolia;184;34;49;42;35;33;34;37;Master;0;0,4;0
41;Thailand;706;99;98;92;100;97;100;91;Diploma;4;3,7;5
18;Mongolia;417;70;61;65;65;74;65;63;High School;1;2,6;2
22;Vietnam;138;48;42;38;46;26;29;36;Bachelor;1;0,3;0
33;Uzbekistan;570;88;91;100;94;72;93;92;Bachelor;4;3,3;4
25;Thailand;787;96;99;95;100;100;97;96;Diploma;5;4,8;5
37;Vietnam;147;49;52;38;34;32;47;42;High School;1;0,7;0
40;Indonesia;322;68;57;71;64;58;65;63;Bachelor;1;2,4;2
24;Philippines;327;62;67;54;64;56;68;63;Bachelor;1;1,2;2
35;Vietnam;597;77;90;79;83;92;94;87;Diploma;4;2,4;4
25;Uzbekistan;626;84;85;97;94;89;87;85;Bachelor;3;3;4
35;Thailand;331;68;56;65;64;71;65;71;High School;3;1,4;2
32;Vietnam;515;82;81;88;73;91;83;86;High School;2;3,1;3
40;Indonesia;234;45;37;49;50;51;49;52;Diploma;1;0,7;1
45;Uzbekistan;403;65;71;70;66;66;66;63;Diploma;1;2,3;2
27;Indonesia;168;33;52;35;47;34;32;37;High School;0;0,2;0
27;Philippines;545;92;89;94;85;75;90;86;High School;3;4;4
51;Nepal;102;64;33;14;28;31;30;29;Bachelor;0;0,2;0
33;Nepal;268;56;67;73;70;60;70;68;Master;1;2;2
44;China;365;72;68;70;67;58;64;68;Bachelor;2;1,5;2
47;Indonesia;392;61;61;67;56;69;69;62;Diploma;2;2,1;2
51;Philippines;123;28;46;37;31;53;49;42;Master;0;0,2;0
20;Vietnam;415;63;72;72;64;70;56;69;Bachelor;1;1,5;2
55;Thailand;474;85;69;75;67;76;63;72;Master;2;1,9;3
36;Thailand;454;76;73;80;74;69;76;74;Master;4;2,5;3
25;Uzbekistan;334;64;44;82;69;73;55;66;Bachelor;2;2,1;2
24;Mongolia;475;79;60;82;71;93;89;76;Diploma;3;3,4;3
46;China;134;38;38;47;33;43;48;44;Master;0;0;0
25;Thailand;333;60;75;57;67;62;71;66;High School;2;2,1;2
24;Thailand;659;100;87;95;100;98;100;97;Diploma;5;4,2;5
34;Nepal;600;86;79;74;99;90;92;91;Diploma;4;2,6;4
31;China;516;81;64;74;81;89;62;71;High School;2;2;3
36;Nepal;515;79;71;65;72;71;70;69;Master;3;3,7;3
25;China;720;94;100;96;100;100;100;96;Master;6;3,9;5
19;Uzbekistan;314;74;60;57;60;66;75;62;Bachelor;2;2,3;2
35;Nepal;545;91;100;79;93;82;98;85;Diploma;5;4;4
26;Indonesia;329;74;62;62;58;65;71;63;High School;2;1,9;2
43;Mongolia;447;86;82;87;68;64;72;82;Bachelor;3;2,6;3
50;Philippines;236;50;58;48;54;64;54;55;Master;0;2,3;1
35;Vietnam;163;43;45;41;53;40;46;48;High School;1;0,9;0
30;Uzbekistan;76;49;27;39;39;38;39;37;Bachelor;1;0,5;0
35;Nepal;451;74;75;75;81;74;87;78;Bachelor;2;2,8;3
54;Indonesia;740;100;94;98;100;100;93;97;Master;5;4,1;5
33;Vietnam;278;43;54;57;56;58;60;56;Diploma;1;1,4;1
27;Indonesia;539;69;69;69;74;65;77;73;Bachelor;3;2,7;3
50;Vietnam;690;92;96;100;100;100;85;93;High School;5;4,2;5
45;Nepal;458;87;73;68;76;71;75;78;Diploma;2;1,5;3
41;China;693;100;91;99;89;94;100;91;Diploma;5;4,5;5
28;Nepal;356;62;58;63;54;55;57;59;High School;2;0,8;2
28;Vietnam;345;60;66;84;72;62;68;72;Bachelor;2;1,3;2
41;Philippines;784;100;94;97;87;86;97;90;Bachelor;5;4,7;5
55;Uzbekistan;598;76;85;92;90;87;81;82;Master;5;3,7;4
22;Indonesia;221;64;58;64;55;51;53;62;Diploma;1;1,6;1
38;Vietnam;552;90;80;81;89;88;82;81;Diploma;5;4;4
40;China;224;64;66;46;48;37;43;46;High School;2;1,3;1
18;Mongolia;380;72;53;59;70;51;53;61;Master;2;1,7;2
35;Nepal;379;75;63;63;62;67;59;62;Master;1;2,5;2
52;Vietnam;112;52;39;39;42;38;39;38;High School;1;0;0
46;Indonesia;346;64;80;67;71;74;66;73;Bachelor;1;1,1;2
41;Indonesia;84;44;34;47;30;39;32;40;Master;0;0;0
30;Philippines;479;70;82;65;89;81;63;76;Diploma;3;3,2;3
29;Vietnam;670;99;84;100;100;95;100;102;Diploma;6;4;5
37;Mongolia;393;73;46;52;65;49;65;60;Diploma;2;2,6;2
46;Uzbekistan;387;75;68;65;67;61;69;69;High School;2;2,9;2
27;Mongolia;433;75;71;82;77;66;81;81;Master;4;3,3;3
20;Vietnam;358;56;54;62;71;73;62;62;Diploma;2;1,5;2
28;Philippines;475;84;82;84;70;81;74;75;Master;2;2,5;3
43;Nepal;360;55;78;66;70;69;72;64;Diploma;3;1,4;2
44;Philippines;380;57;62;53;55;64;81;68;Bachelor;1;2;2
21;Vietnam;621;86;89;69;86;100;74;85;Bachelor;4;3,4;4
31;Philippines;297;57;54;43;52;52;61;54;High School;1;1;1
47;Mongolia;667;100;100;100;93;92;100;101;High School;5;4,4;5
52;Vietnam;441;69;85;85;85;86;87;79;Bachelor;4;2,6;3
22;Mongolia;453;65;57;92;78;78;81;71;Diploma;2;3,1;3
20;Uzbekistan;449;67;78;81;69;78;71;76;Master;4;2,6;3
50;Philippines;296;58;62;56;44;62;58;57;Master;0;1,7;1
50;Thailand;145;43;19;41;28;47;37;32;Master;1;0;0
55;Uzbekistan;680;94;100;90;100;100;98;104;Diploma;5;4,8;5
34;Philippines;617;88;92;76;85;88;87;86;Bachelor;4;3;4
43;Mongolia;697;95;100;95;98;99;100;97;Diploma;4;4,9;5
20;Vietnam;99;41;35;39;45;47;45;43;Bachelor;1;0;0
34;Vietnam;355;74;66;61;49;71;69;64;Master;2;1,5;2
31;Philippines;104;40;42;29;51;39;26;36;Bachelor;1;0,2;0
26;Uzbekistan;719;98;95;97;99;95;100;100;Bachelor;5;4,3;5
55;Philippines;483;76;58;63;73;81;83;73;Bachelor;4;3,1;3
42;Uzbekistan;543;73;99;95;88;83;95;87;Master;4;3,7;4
36;Thailand;118;39;34;31;48;44;43;36;Master;0;0,3;0
33;Philippines;725;95;100;90;94;92;96;91;Diploma;5;3,5;5
53;Philippines;477;72;63;66;80;79;86;75;Bachelor;4;2,8;3
32;Philippines;297;42;57;48;58;65;62;51;Master;1;0,9;1
24;Philippines;481;75;71;93;84;89;75;76;Master;3;3,1;3
54;Nepal;433;66;82;72;73;54;55;65;High School;2;2,2;3
29;Nepal;358;69;74;65;65;56;58;62;Diploma;2;2,4;2
25;Thailand;335;65;66;74;66;52;67;68;Diploma;2;2;2
44;Uzbekistan;176;50;32;56;54;52;44;47;High School;0;2,1;1
50;Nepal;710;100;88;98;99;87;100;92;Master;4;4,8;5
33;Nepal;65;49;52;49;40;29;43;46;Diploma;0;0;0
34;Uzbekistan;358;73;70;79;71;58;64;67;High School;3;2,3;2
48;Nepal;262;59;55;57;53;59;47;54;Bachelor;1;1,4;1
41;Philippines;263;51;39;56;57;43;59;51;Master;1;1,2;1
51;Nepal;599;89;100;75;81;79;78;88;Diploma;4;2,7;4
47;Indonesia;469;77;75;82;73;73;81;75;Diploma;2;3,6;3
21;Nepal;731;93;100;100;97;100;98;96;Diploma;4;3,7;5
30;Vietnam;230;51;65;47;41;52;64;52;Diploma;1;1,1;1
30;Nepal;602;86;86;93;88;100;84;88;High School;3;3,6;4
30;Nepal;419;80;78;70;74;65;76;73;High School;2;2,2;3
39;Uzbekistan;358;55;64;53;59;64;54;57;Bachelor;2;2,3;2
24;Nepal;699;79;100;100;96;90;100;94;Bachelor;4;4,4;5
24;Uzbekistan;749;88;94;86;100;100;100;99;Diploma;6;4;5
35;Mongolia;583;84;81;90;95;90;92;85;Bachelor;5;3,1;4
44;Indonesia;414;64;89;69;71;80;73;76;Master;4;2,5;3
38;Philippines;113;47;38;47;19;40;38;37;Master;0;0;0
55;Nepal;370;71;51;59;67;53;58;60;High School;3;2,2;2
36;Vietnam;731;84;100;98;94;100;99;95;Master;5;4,4;5
46;Mongolia;176;59;54;49;64;50;59;53;Bachelor;0;0,5;1
46;Mongolia;608;76;84;74;82;86;83;83;Diploma;4;2,5;4
44;Philippines;334;61;55;65;58;74;62;61;Master;1;1,9;2
54;Thailand;568;80;61;98;84;68;83;79;High School;3;2,7;3
30;Vietnam;755;90;100;100;96;98;100;94;Master;6;4,7;5
36;Indonesia;325;47;67;68;63;61;68;64;Master;3;1,6;2
54;Thailand;89;34;47;40;49;52;28;40;Diploma;0;0;0
32;Mongolia;248;52;46;52;53;39;42;46;Diploma;0;0,5;1
42;Indonesia;351;70;76;85;65;81;64;68;Master;1;2,8;2
51;Vietnam;704;100;95;100;100;100;100;95;Diploma;5;4,2;5
48;Uzbekistan;260;51;58;58;41;43;49;49;High School;1;2;1
42;Nepal;475;83;76;58;85;82;80;77;High School;3;2,9;3
20;Indonesia;364;76;61;47;78;68;64;65;Diploma;3;1,6;2
28;Indonesia;776;95;93;95;100;100;100;92;Master;5;4,1;5
27;Philippines;295;65;48;62;57;48;45;59;High School;0;0,6;1
44;Nepal;687;80;95;83;87;100;89;92;Diploma;3;4,3;4
48;Nepal;630;86;88;87;71;90;87;82;Diploma;3;2,3;4
37;Thailand;179;52;56;57;49;55;53;53;Master;0;1,7;1
42;Indonesia;701;100;91;94;100;99;100;98;Diploma;4;4,1;5
54;Philippines;171;63;53;55;46;51;52;49;Master;1;1,2;1
34;Thailand;205;41;46;53;39;56;46;55;Master;1;0,2;1
25;Vietnam;592;84;88;96;77;86;100;95;Bachelor;4;3,6;4
27;Mongolia;275;64;56;47;30;61;65;53;High School;1;0,6;1
28;Thailand;250;51;44;48;49;58;44;45;Diploma;1;0,6;1
30;Uzbekistan;96;14;35;29;43;35;51;32;High School;1;0;0
31;Vietnam;480;71;92;92;73;71;76;78;High School;3;2,7;3
43;Mongolia;465;64;81;83;87;94;97;85;Diploma;4;2,5;3
38;Indonesia;378;82;72;61;80;73;73;75;High School;3;1,8;2
27;Vietnam;575;93;86;91;81;81;84;89;Bachelor;5;4,1;4
24;Vietnam;386;66;63;67;58;58;57;61;Bachelor;3;2,6;2
34;Thailand;263;46;60;43;62;34;41;45;Master;1;1,4;1
49;Philippines;673;100;80;100;100;100;94;99;Master;5;4,3;5
43;Indonesia;111;48;31;33;45;20;36;32;Bachelor;1;0,3;0
39;Vietnam;677;100;84;91;95;100;94;94;Bachelor;4;3,7;5
21;Thailand;450;80;80;63;79;71;79;74;Master;4;3,1;3
49;Vietnam;704;100;99;100;94;100;90;97;Bachelor;5;4,8;5
49;China;345;59;54;55;66;59;65;55;Master;2;1,8;2
50;Uzbekistan;269;50;64;43;63;62;43;55;Diploma;0;1;1
52;Thailand;453;82;73;73;86;82;86;78;Master;3;2,9;3
53;China;226;55;50;66;47;57;47;52;Bachelor;1;1;1
19;Nepal;169;40;24;40;45;39;41;38;Master;0;0,3;0
41;Uzbekistan;412;49;66;77;80;67;75;68;Master;4;2,2;3
52;China;385;51;51;77;64;73;74;70;High School;2;1,5;2
21;Nepal;571;85;78;99;97;89;95;86;Master;4;2,2;4
22;Thailand;496;78;73;74;77;75;65;71;High School;3;3,2;3
52;Uzbekistan;721;99;100;100;98;93;95;98;Bachelor;6;4;5
40;Vietnam;226;60;37;45;56;50;40;48;High School;0;1,1;1
25;Thailand;666;95;91;90;92;100;86;90;High School;3;3,4;4
37;Thailand;149;32;49;36;47;37;29;40;Diploma;0;0,6;0
19;Indonesia;711;94;100;100;100;100;100;99;High School;6;4,1;5
22;China;721;90;96;100;100;97;100;98;Diploma;5;5,4;5
29;China;682;96;96;100;100;100;87;94;Master;6;3,9;5
55;China;176;24;26;27;50;30;53;34;High School;0;0,5;0
33;Thailand;510;77;80;70;71;64;79;72;Diploma;2;1,9;3
51;Vietnam;275;49;61;49;52;49;73;56;Bachelor;0;0,1;1
45;Philippines;639;76;83;74;86;83;82;83;High School;4;4,1;4
51;Indonesia;582;73;79;76;65;71;67;66;Diploma;2;2,8;3
52;Indonesia;109;36;49;48;34;31;29;35;Master;0;0,3;0
38;Vietnam;726;100;84;99;87;99;100;95;Diploma;5;4;5
39;China;483;79;87;93;77;79;87;80;Master;3;2,7;3
31;Uzbekistan;291;37;41;63;56;53;52;48;Master;1;1,5;1
26;Mongolia;719;100;100;88;100;100;100;102;High School;6;4,4;5
36;Uzbekistan;715;100;100;100;100;97;95;91;Bachelor;6;4,2;5
32;Indonesia;613;87;100;74;98;89;91;88;Master;3;3,2;4
31;Thailand;281;52;62;58;59;55;42;56;High School;1;0,3;1
22;Mongolia;609;92;88;91;83;92;95;91;Diploma;5;3,4;4
53;Thailand;731;100;100;100;84;100;100;96;High School;5;3,7;5
18;Indonesia;106;36;32;29;37;48;56;39;Master;0;0,5;0
36;Philippines;622;87;92;91;80;80;98;84;Master;5;4,5;4
29;Philippines;750;100;100;99;100;94;93;98;Bachelor;5;4;5
26;Thailand;253;58;50;53;53;47;39;49;Diploma;2;0,8;1
54;Mongolia;463;68;79;75;67;70;80;73;Bachelor;3;3,1;3
44;Indonesia;498;88;63;71;66;82;77;77;Diploma;3;3,3;3
54;China;263;43;66;41;36;34;59;45;Master;1;1,2;1
24;Vietnam;586;100;89;82;80;92;90;87;High School;3;3,9;4
38;Nepal;125;55;40;54;45;33;55;46;Master;0;0,6;0
28;Nepal;348;66;62;57;72;70;67;67;Bachelor;3;1,4;2
19;Thailand;789;100;95;100;100;100;98;97;Master;6;4,6;5
22;China;571;91;80;84;97;89;84;88;Diploma;4;3,4;4
49;Indonesia;629;85;95;100;100;91;76;85;Master;3;3,4;4
37;Uzbekistan;235;70;47;56;29;50;53;52;Master;1;1;1
42;Mongolia;549;72;81;87;75;72;69;75;Master;2;2,9;3
26;Thailand;511;74;66;83;75;83;69;74;Bachelor;3;3,2;3
24;Mongolia;659;90;94;95;92;81;75;89;High School;3;3;4
27;Nepal;236;52;48;55;56;38;52;50;Bachelor;0;2;1
31;Indonesia;792;100;100;98;94;99;96;93;High School;4;5;5
46;China;476;80;71;84;70;76;86;80;High School;2;2,9;3
32;China;115;42;44;46;47;52;37;47;Master;0;0,1;0
34;Uzbekistan;746;89;100;94;90;100;100;97;Diploma;4;4,1;5
23;Thailand;85;48;43;42;38;40;31;45;Bachelor;1;0;0
37;Nepal;687;100;94;89;100;100;100;93;Bachelor;6;4,3;5
46;China;522;93;87;85;86;82;95;81;Diploma;5;3,8;4
45;China;816;100;100;91;100;100;90;94;Diploma;4;4;5
49;Philippines;579;93;86;96;88;87;93;90;Master;4;3,5;4
31;Philippines;224;61;40;52;49;55;63;52;Master;2;0,9;1
26;Thailand;85;50;36;36;45;31;32;37;Master;0;0;0
35;Thailand;48;25;47;40;40;59;33;38;Bachelor;1;0,9;0
19;Thailand;698;100;100;95;100;100;98;95;High School;5;4,1;5
42;Mongolia;435;76;76;64;84;80;62;73;Bachelor;4;3,1;3
49;Thailand;738;100;100;100;100;95;94;99;Diploma;5;3,8;5
42;Philippines;747;80;100;100;94;95;100;94;High School;5;3,7;5
28;Nepal;285;63;68;75;65;64;60;63;Bachelor;2;2,1;2
38;Nepal;165;42;48;36;43;50;37;43;Bachelor;0;0,3;0
54;Indonesia;209;46;63;41;48;47;45;46;High School;0;1,9;1
40;Thailand;754;94;99;95;100;100;100;97;High School;5;4,6;5
25;Uzbekistan;464;74;78;73;77;63;83;75;Diploma;2;2,1;3
26;Thailand;202;43;63;56;63;53;49;55;Bachelor;1;1,9;1
32;Nepal;465;76;64;89;77;64;76;74;High School;2;2,1;3
35;Thailand;380;66;60;53;52;76;66;60;Master;2;0,8;2
50;Philippines;217;58;40;51;57;58;47;48;Diploma;2;0,7;1
55;Uzbekistan;296;44;58;57;66;63;55;54;Bachelor;1;1,1;1
42;Thailand;471;86;79;60;69;75;85;76;Master;3;3;3
18;Indonesia;580;71;72;73;65;76;70;69;High School;2;2,9;3
41;Vietnam;143;57;33;37;47;35;38;46;Bachelor;0;0,4;0
25;Indonesia;510;73;72;70;79;76;81;71;Master;3;4;3
31;Vietnam;233;55;52;53;68;43;47;57;Master;2;1,9;1
36;Nepal;725;100;98;100;91;100;100;95;Diploma;5;4,9;5
32;Indonesia;318;70;64;68;59;63;64;60;Bachelor;3;1,1;2
40;Philippines;413;59;70;68;68;54;51;57;Diploma;2;1,8;2
34;China;556;80;93;84;93;93;75;87;Bachelor;4;3,5;4
39;China;339;63;58;57;52;61;69;55;Diploma;2;3,1;2
28;Mongolia;194;55;44;59;37;62;51;55;Bachelor;1;1;1
24;Mongolia;511;71;85;84;78;66;66;77;Master;4;2,2;3
43;Uzbekistan;255;60;37;52;52;54;42;48;Diploma;0;1,3;1
34;Nepal;622;81;75;72;88;89;86;77;High School;3;3,9;4
49;Indonesia;463;87;72;86;76;71;82;76;Master;4;3,4;3
49;Indonesia;300;55;60;68;49;66;64;62;Master;2;1,3;2
33;Nepal;143;53;36;45;43;45;43;39;High School;0;0;0
50;Nepal;362;67;58;76;67;59;63;69;High School;1;2,6;2
28;Indonesia;599;90;93;74;82;75;85;84;Bachelor;5;3,8;4
42;Indonesia;638;95;86;91;96;100;90;93;Bachelor;4;4,4;4
54;Indonesia;256;54;67;43;47;48;37;52;Master;1;1;1
45;Philippines;433;86;67;85;85;77;72;80;High School;3;3,1;3
30;Nepal;137;53;48;35;32;34;39;42;Bachelor;0;0,2;0
43;Indonesia;623;96;87;90;89;83;79;89;Bachelor;4;3,5;4
30;Nepal;131;38;39;33;39;33;38;40;Master;0;0;0
22;Nepal;469;64;77;80;65;72;77;67;High School;3;2,2;3
19;Mongolia;551;93;97;78;93;100;82;94;Bachelor;3;4;4
33;Uzbekistan;491;65;61;80;78;93;56;71;Master;3;2,2;3
39;Uzbekistan;98;38;40;43;41;43;37;39;Bachelor;1;0;0
48;Thailand;320;75;69;56;50;65;69;62;High School;2;1,2;2
33;Mongolia;716;92;100;88;98;99;100;93;Bachelor;5;4,7;5
36;Mongolia;329;80;66;70;61;58;54;68;Bachelor;2;2,2;2
39;China;755;93;98;100;89;100;100;93;Master;5;3,8;5
53;Philippines;355;57;64;73;62;74;59;63;High School;3;1,6;2
49;Vietnam;112;46;57;47;36;50;39;44;Master;0;0,9;0
26;Vietnam;468;98;72;78;79;82;76;78;Master;3;2,9;3
35;Thailand;234;63;54;55;53;64;50;53;Diploma;1;1,5;1
23;Uzbekistan;232;44;62;53;52;47;59;52;Master;1;1;1
42;Nepal;123;52;48;41;48;42;44;44;Diploma;0;0,5;0
31;Nepal;205;44;54;53;49;43;51;47;Master;1;0,7;1
31;Thailand;608;87;89;80;87;82;89;87;Bachelor;5;3,7;4
46;Indonesia;418;83;74;88;82;71;90;77;Master;2;2,4;3
28;China;599;83;94;75;88;90;86;87;Diploma;4;3,9;4
23;Indonesia;595;84;81;79;93;73;95;82;Bachelor;4;3,5;4
23;Indonesia;134;33;39;42;43;25;46;35;Diploma;0;0,8;0
35;China;338;63;45;58;68;60;65;58;High School;1;1,9;2
50;Indonesia;470;68;73;80;84;81;88;78;Master;3;3;3
29;Vietnam;218;51;56;59;55;47;46;49;Diploma;2;1,2;1
51;Nepal;255;43;41;59;55;60;52;47;Bachelor;2;0,4;1
31;Vietnam;591;83;74;80;82;91;92;82;Bachelor;3;3,7;4
26;Uzbekistan;360;76;75;59;68;73;65;65;Master;2;1,6;2
44;Indonesia;272;55;62;65;57;48;41;56;Diploma;1;0,9;1
48;Indonesia;218;66;41;51;54;44;53;49;Master;1;0,7;1
50;Mongolia;119;47;36;44;44;37;44;39;Bachelor;0;0,2;0
50;Indonesia;134;33;42;34;35;36;46;37;High School;1;0;0
42;Uzbekistan;212;43;59;48;47;44;50;53;Master;0;1,8;1
22;China;249;58;53;57;50;44;48;53;High School;1;0,8;1
41;Nepal;405;63;61;50;67;81;70;68;Bachelor;2;2,5;2
33;Mongolia;567;72;81;90;81;83;79;82;High School;4;2,7;4
24;China;444;62;68;76;66;75;74;69;Diploma;3;3,1;3
48;Vietnam;209;56;47;67;41;48;43;49;Bachelor;1;1,4;1
43;Mongolia;135;45;26;45;45;47;58;45;Master;1;0,6;0
27;Philippines;469;79;70;72;72;79;81;79;Master;2;2,8;3
40;Vietnam;132;46;53;34;38;35;48;42;High School;0;0,7;0
49;Vietnam;249;57;47;62;54;63;51;60;Bachelor;1;0,8;1
49;Mongolia;629;79;84;100;97;92;93;89;Bachelor;3;3,7;4
37;Thailand;102;34;44;44;47;21;45;33;Diploma;1;1;0
36;Thailand;226;61;39;55;54;52;55;52;Bachelor;0;1,4;1
41;China;596;88;97;72;97;82;77;88;Master;4;3,1;4
46;China;280;44;50;54;59;39;40;49;Bachelor;1;0;1
39;China;781;100;98;92;100;88;94;92;High School;5;4,3;5
41;Thailand;204;56;52;62;68;47;50;51;High School;1;1,2;1
30;Philippines;116;25;41;34;39;34;50;44;High School;1;0;0
48;Philippines;487;59;86;73;69;100;69;76;Master;2;3,4;3
32;Indonesia;638;71;80;90;83;86;100;84;Diploma;4;2,8;4
50;Uzbekistan;439;76;76;76;79;76;79;72;High School;2;3,7;3
18;Philippines;524;81;75;72;70;80;79;78;High School;3;2,7;3
28;Philippines;332;74;52;48;68;64;63;57;Diploma;3;1,5;2
33;Vietnam;810;100;100;100;97;90;97;97;Bachelor;4;4,9;5
23;Thailand;201;51;58;57;61;61;53;59;High School;1;1,6;1
39;China;380;70;76;58;62;81;66;70;Diploma;1;1,1;2
31;China;517;75;89;75;71;81;65;78;Diploma;4;3,2;3
38;Thailand;557;79;77;87;85;93;87;81;Diploma;5;2,6;4
38;Nepal;90;36;45;41;38;39;36;43;High School;0;0;0
38;Mongolia;296;57;43;48;50;58;59;56;Bachelor;1;1,1;1
27;Uzbekistan;685;97;90;82;89;85;81;89;Bachelor;5;3,8;4
51;Vietnam;508;97;73;69;83;75;67;75;Bachelor;3;2,8;3
37;Vietnam;142;24;45;43;31;54;42;37;Bachelor;0;0,4;0
55;Indonesia;626;85;84;72;98;81;100;87;High School;3;3,7;4
28;China;549;78;90;79;72;78;86;79;High School;3;3;3
35;Mongolia;709;100;91;99;95;98;85;98;Master;6;4;5
55;Uzbekistan;574;88;88;96;81;82;91;93;Bachelor;5;4,4;4
55;Vietnam;275;39;40;50;46;51;51;44;Diploma;1;1,5;1
54;Indonesia;255;42;50;46;52;54;59;49;Diploma;0;1,5;1
51;Uzbekistan;709;100;100;93;100;95;100;96;Master;5;4,1;5
45;Indonesia;669;100;100;100;100;100;100;97;Bachelor;5;4;5
45;Indonesia;124;35;41;42;25;39;30;36;Master;0;0,5;0
28;Nepal;666;93;96;91;86;93;92;85;Diploma;4;4,2;4
34;Vietnam;398;77;75;76;85;79;95;80;Bachelor;2;2,6;3
53;China;715;100;93;99;97;100;100;96;Master;5;4,6;5
45;Uzbekistan;622;100;88;82;98;78;84;87;Bachelor;3;3,5;4
38;Indonesia;593;75;90;95;93;78;84;86;Bachelor;4;3,2;4
31;Nepal;400;58;65;61;68;65;63;64;Master;2;2,2;2
20;Uzbekistan;606;100;91;87;78;68;83;82;High School;3;3,5;4
52;Mongolia;642;67;100;77;74;90;85;83;High School;3;3,2;4
39;Vietnam;482;62;72;66;69;65;91;68;High School;4;2,8;3
54;Indonesia;548;72;78;86;96;83;94;84;Bachelor;3;3,7;4
32;China;262;29;54;56;50;39;53;49;High School;2;1,5;1
41;Indonesia;71;38;27;31;49;41;24;34;Diploma;0;0,6;0
35;Thailand;736;100;100;93;100;100;100;100;Master;5;3,6;5
19;Mongolia;259;57;42;49;47;47;53;49;Master;1;0,6;1
53;Nepal;395;69;56;70;78;56;73;65;Master;1;2,2;2
39;Vietnam;773;88;93;100;100;94;98;95;Bachelor;4;5,1;5
51;China;340;74;61;67;67;71;67;65;Master;1;2;2
19;Indonesia;151;29;45;51;46;28;42;40;High School;0;0,3;0
21;Indonesia;322;50;70;75;61;61;60;59;Diploma;2;2,1;2
48;Uzbekistan;383;59;75;66;54;62;70;61;Master;2;2,4;2
47;Indonesia;599;81;90;86;94;100;73;90;High School;5;3,3;4
33;Philippines;595;99;91;93;82;85;85;85;Diploma;4;3,1;4
48;Indonesia;379;69;39;62;62;65;62;57;Master;1;1,2;2
21;Vietnam;248;52;62;45;46;34;75;53;Master;1;0,2;1
53;Nepal;361;66;66;60;54;60;75;69;Master;2;1,8;2
28;Uzbekistan;247;44;51;52;42;57;54;48;Master;2;1,3;1
34;Vietnam;401;59;67;69;52;70;55;61;Master;2;1,6;2
41;Thailand;123;42;34;47;39;31;50;42;Diploma;0;0;0
32;Vietnam;365;77;69;78;62;52;57;60;Bachelor;1;2,2;2
36;Indonesia;175;43;48;61;72;41;70;54;Bachelor;0;1,3;1
43;Mongolia;280;45;53;57;66;49;55;50;Diploma;0;0,2;1
30;Nepal;211;50;46;31;42;42;37;37;Diploma;0;0,7;0
38;Philippines;195;45;46;55;54;68;59;52;High School;2;2,2;1
24;Thailand;500;91;72;78;63;74;75;76;Master;2;2,5;3
25;Philippines;90;39;25;35;38;39;37;32;High School;0;0;0
32;Philippines;549;84;80;82;83;90;85;85;Master;4;2,9;4
22;Mongolia;409;68;69;54;64;55;70;61;Master;2;2,5;2
41;Indonesia;348;59;71;79;74;58;49;65;Bachelor;3;2,5;2
20;Mongolia;255;51;43;52;39;57;63;51;High School;0;1,3;1
24;China;559;93;82;79;94;93;75;83;Diploma;3;4;4
53;China;401;75;69;59;67;55;68;66;Diploma;3;0,9;2
53;China;627;91;82;91;87;84;97;87;Master;4;2,1;4
50;Thailand;140;44;42;51;36;37;46;42;High School;0;0,3;0
42;Uzbekistan;389;62;68;90;66;74;63;70;Master;3;2,6;2
36;Indonesia;177;29;45;35;32;38;25;36;Bachelor;0;0,3;0
45;Philippines;612;72;73;89;92;89;92;85;High School;4;2,6;4
29;Mongolia;450;62;74;74;71;74;70;73;Bachelor;4;1,8;3
19;Uzbekistan;583;100;83;82;87;82;78;83;High School;4;3,8;4
43;Thailand;314;55;80;59;67;66;60;67;Diploma;2;1,6;2
27;Mongolia;501;74;72;66;72;69;85;73;Bachelor;4;2,5;3
50;Uzbekistan;565;84;78;100;99;98;89;94;High School;4;3,9;4
42;Mongolia;58;42;35;40;39;35;31;37;High School;1;0;0
23;Uzbekistan;111;41;32;27;29;58;41;39;High School;0;0,9;0
35;Uzbekistan;767;96;100;100;84;83;97;96;High School;5;4,1;5
26;China;454;78;65;79;73;77;91;72;Bachelor;4;2,6;3
43;Uzbekistan;207;36;38;48;30;48;23;37;High School;0;0;0
24;Nepal;226;45;54;60;55;54;58;53;High School;2;1,4;1
38;China;497;91;77;79;73;84;82;81;Master;4;2,7;3
28;Thailand;503;85;55;69;72;79;60;69;High School;2;2,3;3
52;Vietnam;276;56;46;66;55;46;54;55;Diploma;1;1,3;1
24;Mongolia;510;68;75;66;58;74;89;66;Bachelor;3;2;3
52;Mongolia;585;95;84;81;84;94;75;86;High School;5;3;4
43;Vietnam;657;83;93;98;87;89;89;89;Master;5;3,6;4
27;Vietnam;517;73;68;81;73;64;83;73;Diploma;3;3,4;3
24;Uzbekistan;284;44;53;59;50;48;39;52;Master;2;0,5;1
53;Uzbekistan;583;89;90;77;72;97;92;86;Diploma;5;3,9;4
32;Philippines;474;56;68;69;79;60;79;65;Bachelor;2;3,6;3
52;Nepal;587;99;85;84;98;94;78;88;High School;3;3,4;4
19;Nepal;709;100;98;97;100;97;91;97;Bachelor;5;3,7;5
45;Nepal;446;79;55;86;80;85;74;78;Diploma;3;2,6;3
33;Thailand;198;43;47;61;38;52;54;49;High School;1;1,1;1
35;China;681;99;100;100;95;100;99;100;Bachelor;4;3,8;5
33;China;371;64;63;69;55;62;60;58;Bachelor;2;2,2;2
38;China;508;78;71;85;72;84;69;80;Bachelor;3;3;3
39;Thailand;759;100;100;99;100;96;100;101;High School;5;3,8;5
19;Thailand;214;64;37;61;59;50;53;57;Master;2;0,6;1
25;Nepal;669;96;98;100;100;100;88;93;Master;4;5;5
24;Thailand;252;61;54;49;41;51;54;53;Bachelor;1;0,8;1
45;Nepal;203;55;62;60;40;64;55;52;Bachelor;1;1,4;1
47;Philippines;107;51;41;44;38;49;29;44;High School;0;1,1;0
43;China;749;100;92;95;100;100;100;99;Diploma;5;4,3;5
28;China;328;47;57;65;55;79;59;57;Master;3;1,6;2
36;China;711;98;96;100;99;88;92;91;Diploma;5;3,2;5
41;Mongolia;404;80;59;78;61;57;67;72;Diploma;1;2,6;2
38;Thailand;64;43;44;38;51;28;46;40;Master;0;0,4;0
49;China;110;28;38;28;45;37;34;31;Master;1;0,9;0
26;Thailand;750;100;100;99;89;100;81;93;Diploma;4;4,1;5
30;China;365;59;83;69;66;68;52;66;High School;2;1,7;2
40;Indonesia;734;100;98;100;99;100;100;101;Diploma;6;4,3;5
26;Philippines;453;65;83;73;71;79;82;73;Diploma;3;2,8;3
24;Philippines;548;85;94;85;80;81;89;87;High School;4;2,5;4
29;Indonesia;608;96;78;99;85;91;95;94;Bachelor;4;4;4
55;Vietnam;167;46;56;61;41;47;51;48;Bachelor;1;1,9;1
35;Philippines;256;47;50;57;47;38;67;47;High School;1;0,1;1
34;Uzbekistan;509;93;74;67;75;66;80;76;Master;3;2,7;3
33;Nepal;645;87;84;96;81;94;79;87;Master;5;3,5;4
19;Vietnam;698;100;100;100;100;95;91;96;Diploma;5;4,6;5
54;Nepal;355;52;72;70;56;71;78;62;Bachelor;3;2,5;2
20;Mongolia;717;98;100;100;97;92;94;94;High School;4;4;5
31;Vietnam;343;69;63;61;66;51;57;62;High School;2;2,4;2
50;Mongolia;188;47;48;48;69;43;51;52;High School;1;1,4;1
27;China;552;95;72;65;76;98;94;83;High School;3;3,5;4
25;Vietnam;271;53;60;65;70;42;40;56;Master;0;1,3;1
31;Indonesia;448;90;86;86;78;80;76;84;Bachelor;4;3,4;3
27;Uzbekistan;645;85;90;95;88;89;93;87;Diploma;3;3,3;4
36;Philippines;149;41;40;32;37;22;37;36;Diploma;0;0;0
31;Thailand;108;39;45;30;37;32;52;38;Diploma;0;0,4;0
26;Mongolia;749;87;92;100;94;95;100;91;High School;5;5,4;5
48;Mongolia;354;62;79;57;64;62;82;68;Master;2;1,5;2
51;Vietnam;364;74;68;75;68;72;62;73;Bachelor;2;1,8;2
21;Vietnam;340;75;62;79;69;53;60;63;High School;2;1,8;2
40;Thailand;545;76;100;97;85;89;79;84;Bachelor;3;3,9;4
53;Indonesia;528;83;86;59;75;91;85;79;High School;2;2,7;3
20;Indonesia;573;91;91;92;75;83;91;84;High School;3;3,6;4
50;Indonesia;627;100;95;92;100;100;95;93;Master;5;4,1;5
43;China;458;78;77;74;69;90;73;74;High School;3;4;3
49;Indonesia;679;100;100;100;93;100;100;100;Diploma;5;3,6;5
43;Philippines;155;33;37;54;39;41;29;43;Diploma;1;1,1;0
45;Vietnam;114;32;38;42;40;44;40;40;Bachelor;1;0,7;0
55;Mongolia;284;62;62;67;65;55;67;67;High School;1;2,1;2
29;Indonesia;706;100;88;95;96;88;93;89;Bachelor;5;3,9;5
30;Nepal;652;86;86;78;81;80;82;79;Master;5;3;4
36;Indonesia;765;91;100;100;89;91;100;94;Master;6;4,6;5
46;Indonesia;464;70;73;82;64;70;78;67;High School;3;2,1;3
52;China;714;91;100;94;100;89;100;96;High School;6;4,3;5
54;Nepal;115;27;48;33;30;31;31;33;Diploma;0;1,3;0
22;Philippines;118;52;47;44;55;42;29;49;Bachelor;0;0,1;0
18;China;357;59;62;78;77;71;57;70;High School;3;1,5;2
37;Philippines;157;38;39;42;31;41;52;38;High School;0;0,6;0
55;Nepal;746;90;83;90;99;100;94;87;High School;5;4,9;5
49;Mongolia;300;67;71;66;62;57;67;66;Diploma;1;1,5;2
44;Uzbekistan;543;72;92;72;66;72;82;77;Master;4;3,4;3
53;Thailand;521;86;63;72;83;72;75;77;High School;3;3;3
50;Mongolia;462;90;93;67;86;79;68;80;High School;3;2,6;3
23;Uzbekistan;442;84;80;80;51;79;76;73;High School;2;2,2;3
44;Vietnam;289;55;51;72;36;52;63;60;Diploma;1;1;1
39;Indonesia;318;51;43;53;57;52;52;54;Diploma;2;0,8;1
54;Philippines;356;69;60;62;68;66;66;64;Master;2;2;2
52;Indonesia;136;33;27;42;54;28;48;34;Master;0;0,1;0
42;Uzbekistan;499;78;72;74;84;62;84;70;Master;3;2,9;3
54;Uzbekistan;573;75;82;78;98;81;77;81;High School;5;3,1;4
41;Mongolia;350;60;69;59;74;72;71;70;Master;1;1,2;2
31;Philippines;695;88;100;100;91;100;99;93;Bachelor;6;3,6;5
54;Uzbekistan;277;41;58;58;58;51;59;58;Diploma;0;1,3;1
45;Nepal;383;65;53;62;66;70;58;58;Master;3;2,5;2
54;Nepal;146;36;47;47;52;46;37;40;Bachelor;1;0;0
42;China;371;78;69;62;53;63;58;61;Diploma;3;2;2
29;China;484;72;81;84;83;70;71;77;Bachelor;4;2,7;3
42;Indonesia;202;56;65;48;37;59;48;55;High School;0;0,4;1
52;Indonesia;161;45;51;46;44;49;38;45;High School;1;0,1;0
46;Indonesia;471;75;56;63;66;77;71;69;Bachelor;3;3,3;3
32;Nepal;490;84;85;80;60;70;69;78;Bachelor;3;2,9;3
41;Uzbekistan;232;55;40;57;49;36;43;51;Diploma;1;0,6;1
45;Uzbekistan;388;72;72;62;58;61;69;69;Bachelor;2;0,6;2
46;Uzbekistan;788;100;92;100;97;100;100;102;Master;5;5,2;5
53;Philippines;734;100;95;100;99;100;95;97;Diploma;5;5;5
34;Thailand;107;40;45;35;49;40;40;33;Diploma;0;0,6;0
18;Indonesia;112;20;56;47;39;25;35;40;High School;0;1,4;0
34;Uzbekistan;598;74;100;94;79;91;85;91;Bachelor;4;2,2;4
18;Thailand;311;63;66;49;61;72;55;59;Diploma;3;2;2
55;China;659;90;96;97;90;100;91;88;High School;6;4,2;5
52;Philippines;341;70;63;60;61;57;64;63;Bachelor;3;2;2
27;Vietnam;228;66;50;69;57;41;48;59;Master;0;1,2;1
25;Indonesia;108;28;49;49;36;49;38;42;Diploma;0;0,3;0
42;Vietnam;248;55;52;52;60;55;44;53;High School;2;1,2;1
23;Indonesia;604;93;91;78;98;83;100;87;Master;4;4,1;4
20;Indonesia;388;54;52;70;71;54;66;58;Diploma;1;2,3;2
19;Indonesia;753;100;98;100;92;100;100;97;Master;6;3,2;5
23;Mongolia;484;77;87;73;72;77;87;77;Bachelor;2;3,1;3
30;Philippines;125;43;30;48;46;49;34;39;Master;0;0;0
51;Mongolia;585;95;91;97;78;96;80;91;Master;3;3,1;4
45;China;551;71;82;79;84;99;87;88;Bachelor;4;3,6;4
47;China;469;78;81;67;77;74;72;74;Master;3;3;3
25;Nepal;196;38;43;48;29;50;38;38;Master;1;0;0
35;Vietnam;494;83;75;79;75;66;72;76;Master;3;3,3;3
26;Vietnam;179;47;53;64;66;46;61;55;Bachelor;1;1,4;1
49;Indonesia;702;92;97;100;100;93;100;95;High School;5;4,5;5
29;China;740;100;100;100;100;96;100;98;Bachelor;5;4,4;5
46;Mongolia;656;100;100;95;100;100;89;97;High School;5;4;5
21;Vietnam;252;55;51;61;48;64;46;58;High School;1;1,1;1
23;Indonesia;507;83;87;88;91;96;95;87;Bachelor;5;3,3;4
48;Uzbekistan;178;67;46;38;57;53;53;52;High School;1;1,3;1
55;Mongolia;649;87;81;84;85;75;89;80;Master;5;3,7;4
37;Vietnam;420;68;68;77;60;52;70;67;Diploma;2;1,7;2
47;Uzbekistan;668;99;100;97;97;100;100;101;Diploma;4;3,7;5
45;Nepal;709;96;100;100;85;90;100;98;Diploma;5;4,4;5
32;Philippines;582;86;64;80;100;87;96;83;Bachelor;4;2,2;4
41;Philippines;470;84;70;74;78;83;59;72;Diploma;4;2,2;3
19;Vietnam;210;46;40;46;54;52;67;51;Diploma;1;1;1
42;Indonesia;112;65;31;30;42;31;47;40;Diploma;0;0;0
18;Vietnam;312;43;46;45;38;39;44;49;Diploma;1;1;1
31;China;259;45;54;54;42;53;49;50;Bachelor;0;1,5;1
46;Mongolia;751;100;95;90;84;100;95;95;Diploma;4;5,2;5
36;Mongolia;524;73;74;67;86;70;65;80;Bachelor;2;2,3;3
22;Vietnam;787;100;100;100;99;99;89;95;Bachelor;5;4,7;5
41;Thailand;740;97;97;100;100;100;92;97;Diploma;5;4,9;5
53;Indonesia;100;34;38;42;59;47;30;39;High School;1;0;0
30;Uzbekistan;546;81;93;86;100;100;71;86;Bachelor;4;3,5;4
38;Indonesia;624;68;80;65;89;86;81;72;Diploma;4;3,6;4
55;Indonesia;257;41;40;56;54;47;56;46;Diploma;0;0,9;1
54;Indonesia;784;100;100;95;100;100;94;100;Master;4;5;5
32;China;719;100;100;86;84;92;97;95;High School;4;4,4;5
38;China;421;68;69;59;81;61;55;63;High School;3;1,1;2
27;Nepal;243;43;46;47;54;70;57;54;Bachelor;1;1,8;1
40;China;367;48;60;63;55;66;74;61;Diploma;1;2,4;2
25;Nepal;679;100;99;100;100;100;100;95;High School;4;3,8;5
54;Nepal;736;100;97;100;100;100;90;101;Master;5;4;5
27;Nepal;226;50;48;49;51;75;59;62;Diploma;1;1,4;1
18;Indonesia;623;97;84;100;87;90;95;96;Diploma;4;3,9;4
35;Mongolia;611;89;94;100;100;92;87;93;Diploma;3;3,4;4
18;China;707;100;100;89;100;100;100;93;High School;5;4,1;5
41;Mongolia;711;100;100;100;95;100;100;98;High School;5;3,7;5
46;Nepal;241;48;43;51;58;46;51;49;Master;1;1,3;1
22;Nepal;298;55;70;59;60;65;51;54;Bachelor;1;0,7;2
52;Uzbekistan;473;84;77;74;85;72;81;78;High School;3;2,8;3
44;Philippines;558;84;91;74;82;89;91;79;Master;4;3,5;4
34;Uzbekistan;117;49;30;48;43;38;32;41;High School;0;0;0
47;Mongolia;450;83;74;78;82;77;63;74;Diploma;3;2,5;3
53;Thailand;234;45;45;57;53;49;58;46;Bachelor;1;1,3;1
27;Mongolia;617;100;100;100;90;100;97;97;Bachelor;4;4,4;5
47;China;750;81;100;100;97;94;100;96;Bachelor;5;4,3;5
51;Nepal;729;100;100;100;100;100;100;99;Master;4;4;5
47;Philippines;42;32;31;49;33;46;37;37;Bachelor;0;0;0
50;Philippines;692;100;82;87;85;96;100;86;High School;5;4,7;5
50;Vietnam;511;87;77;82;82;79;69;77;Bachelor;3;3,2;3
35;China;252;52;41;43;69;44;48;55;Diploma;1;0,8;1
52;Mongolia;404;65;65;53;67;67;74;66;Diploma;2;2,6;2
24;Indonesia;282;65;46;49;58;47;63;52;High School;1;1,3;1
23;Uzbekistan;616;80;80;77;78;88;85;80;Bachelor;5;3,7;4
49;Indonesia;201;55;66;44;41;59;67;57;High School;1;1,1;1
32;Nepal;431;66;83;95;88;62;70;78;Master;3;2,3;3
40;China;477;81;82;72;68;76;76;79;Master;2;2,9;3
26;Vietnam;591;82;100;95;80;96;86;90;Bachelor;4;3,8;4
43;Vietnam;292;46;62;55;50;58;53;54;Master;0;0,9;1
29;Nepal;256;46;56;49;55;62;49;50;Diploma;0;1,1;1
46;Mongolia;376;69;69;52;54;71;54;58;Diploma;2;1,7;2
32;China;538;77;84;85;84;100;82;83;Diploma;4;3,6;4
25;China;490;67;80;84;74;78;77;73;Diploma;3;2,7;3
23;Nepal;533;82;77;76;81;81;66;73;Master;3;3;3
27;China;718;100;90;99;100;100;100;106;High School;5;4,6;5
29;Thailand;700;97;100;100;99;100;88;95;Master;5;4,3;5
25;Indonesia;141;29;50;21;22;42;51;37;Bachelor;1;0,1;0
53;Thailand;482;71;72;67;80;79;69;67;Diploma;2;3,5;3
38;Uzbekistan;111;42;38;40;35;34;31;35;Master;1;0,8;0
22;Vietnam;110;33;36;44;44;42;37;43;Bachelor;0;1,5;0
48;Indonesia;367;62;64;67;62;62;53;60;Diploma;3;2,3;2
27;Uzbekistan;84;43;39;48;40;41;31;43;High School;0;1;0
49;Nepal;218;39;46;34;60;43;57;46;Diploma;2;0,7;1
52;Philippines;158;44;46;17;43;47;29;38;Bachelor;1;0;0
37;Mongolia;233;62;36;63;47;62;44;50;High School;0;1,3;1
40;Nepal;607;82;81;75;84;84;89;83;Master;3;3,6;4
45;Nepal;396;74;63;46;68;51;65;59;Master;3;1,9;2
34;Thailand;394;68;54;59;78;56;76;66;High School;1;1,6;2
25;Thailand;164;33;44;37;31;52;43;43;Diploma;0;0,2;0
51;China;569;86;86;82;91;99;77;89;Master;4;3,7;4
36;Philippines;412;72;68;76;79;73;82;72;Master;3;2,6;3
37;Vietnam;213;47;49;58;50;69;63;58;Master;0;1;1
44;Uzbekistan;593;97;83;88;82;83;72;82;High School;4;4;4
31;Uzbekistan;646;85;88;72;86;83;89;83;High School;5;3,2;4
51;Thailand;272;63;69;65;51;49;52;55;Diploma;0;2;1
37;Uzbekistan;324;64;54;53;57;70;50;59;Master;1;2,2;2
47;Thailand;416;61;65;63;58;65;64;63;Master;1;1,3;2
23;Mongolia;311;66;53;62;67;73;53;61;High School;3;2,5;2
29;Mongolia;433;61;54;68;75;59;67;65;Master;2;2,4;2
19;Uzbekistan;267;53;63;46;57;53;49;55;Diploma;0;1,1;1
38;China;748;89;100;87;99;100;92;88;Bachelor;4;3,5;5
47;Uzbekistan;507;70;76;55;84;87;85;76;Diploma;2;1,7;3
46;Thailand;139;35;54;45;42;44;25;38;Diploma;0;0,2;0
31;Mongolia;240;55;54;61;60;63;53;61;High School;0;0,8;1
45;China;289;57;52;44;56;51;47;51;Master;1;0,6;1
32;Uzbekistan;609;87;77;79;81;100;94;87;Master;4;3,4;4
28;China;236;52;57;47;32;54;55;53;Bachelor;0;1,3;1
48;Nepal;106;46;42;38;45;28;45;38;Bachelor;0;0,7;0
27;Nepal;322;54;69;73;47;66;69;56;Diploma;2;2,4;2
52;Uzbekistan;381;59;45;63;66;70;83;61;Bachelor;3;2;2
21;Vietnam;657;87;83;88;94;91;97;90;Master;3;3,2;4
47;Indonesia;546;90;99;91;98;86;92;94;Master;3;4,6;4
25;Nepal;340;59;50;73;59;57;72;62;High School;2;1,6;2
27;China;284;58;59;67;64;47;52;58;High School;1;1,1;1
30;Uzbekistan;553;81;86;73;70;81;70;74;Bachelor;2;2,4;3
47;Indonesia;355;50;47;70;73;65;54;58;Diploma;2;1,5;2
29;Philippines;136;47;31;33;46;33;48;35;Master;1;0,1;0
28;China;734;100;97;96;100;90;94;97;Bachelor;5;3,7;5
22;Thailand;634;92;94;93;83;100;95;94;Master;4;4;4
44;China;227;57;62;54;47;62;46;59;Bachelor;1;1,1;1
24;Mongolia;771;100;94;97;100;94;90;97;High School;5;4,4;5
29;Vietnam;173;43;38;49;47;29;48;45;Bachelor;0;1,1;0
55;Vietnam;678;96;100;100;91;84;96;94;Bachelor;6;4,1;5
54;Nepal;409;64;61;63;61;70;74;65;Master;2;2,8;2
25;Philippines;651;94;99;97;100;99;92;96;Diploma;6;5;5
22;Indonesia;247;38;50;56;42;43;47;46;Bachelor;1;1,4;1
46;China;279;44;45;53;48;49;33;50;Master;0;0,8;1
21;Mongolia;611;96;71;74;85;100;91;84;Master;3;3,4;4
24;Indonesia;486;64;83;75;63;82;78;75;Bachelor;3;3;3
44;China;693;100;100;100;97;100;100;99;High School;5;4,8;5
42;Mongolia;133;30;42;26;46;40;21;36;Diploma;0;0,1;0
29;Philippines;419;69;64;83;64;75;91;71;Master;4;3,4;3
27;Vietnam;88;40;50;43;39;45;39;46;Diploma;0;0;0
43;Nepal;354;56;71;58;51;54;57;55;Master;1;2,7;2
33;Vietnam;425;77;77;76;63;78;71;77;Diploma;2;1,8;3
52;Uzbekistan;449;64;60;63;89;87;73;70;Bachelor;3;2,2;3
40;Vietnam;681;86;100;100;100;98;87;90;Diploma;6;4,8;5
18;Nepal;350;61;57;66;53;63;71;64;Bachelor;3;2;2
43;Nepal;147;42;46;41;55;58;60;53;High School;1;1,8;1
43;Uzbekistan;600;91;100;88;76;91;77;81;High School;4;3,1;4
52;Vietnam;622;91;98;81;87;82;91;89;Master;4;3;4
38;China;339;76;65;54;63;70;65;61;High School;1;1,3;2
40;Vietnam;182;42;43;32;42;37;50;40;Diploma;0;0,7;0
48;Uzbekistan;90;55;30;36;24;34;42;42;High School;0;0;0
42;Philippines;609;74;100;88;92;100;84;92;High School;4;3,4;4
54;Mongolia;554;90;98;79;84;92;100;91;Master;4;3,3;4
20;Indonesia;666;79;73;85;96;100;92;85;High School;3;2,9;4
20;Philippines;797;99;100;91;100;97;100;105;Master;5;3,9;5
38;Thailand;356;53;46;46;57;67;56;54;Master;2;2;2
46;Indonesia;465;71;88;90;76;70;78;78;Bachelor;3;3,1;3
32;Mongolia;486;69;92;73;82;77;68;81;Bachelor;3;3,2;3
18;Mongolia;133;48;36;40;44;45;37;35;Master;0;0;0
35;Mongolia;284;41;35;54;50;50;43;42;Bachelor;2;0,8;1
24;Philippines;584;88;82;98;83;86;82;83;High School;4;3,3;4
47;Uzbekistan;606;84;94;90;89;86;90;86;Bachelor;4;3,4;4
25;Nepal;548;72;76;83;79;89;71;72;High School;3;2,6;3
32;Mongolia;352;53;57;72;62;63;79;60;High School;2;1,8;2
20;Nepal;650;88;88;91;90;76;88;82;Diploma;5;4,7;4
37;Philippines;572;100;93;78;89;100;88;90;Bachelor;3;3,7;4
45;Nepal;709;100;100;100;100;100;100;99;Diploma;5;3,3;5
43;China;330;62;71;71;68;63;45;65;Bachelor;1;1,6;2
21;Thailand;450;75;70;69;83;74;67;68;Master;2;2,9;3
36;China;227;43;47;53;70;50;47;50;Bachelor;2;0,5;1
46;China;404;70;72;94;77;69;76;72;Bachelor;3;2,3;3
47;Vietnam;486;70;87;70;83;88;71;82;Diploma;3;2,6;3
34;Thailand;336;69;58;63;51;54;71;58;High School;2;2,6;2
50;Thailand;345;65;58;47;64;56;62;57;Master;2;1,9;2
19;China;602;83;90;90;88;100;78;94;High School;3;3,3;4
38;Indonesia;497;73;76;71;85;68;79;80;Master;3;3,6;3
18;Mongolia;755;100;100;100;98;100;89;100;Diploma;4;4,8;5
50;Vietnam;611;94;87;83;82;97;96;92;High School;4;3,5;4
31;Philippines;372;51;56;78;60;76;64;68;Master;3;1,5;2
52;Thailand;246;54;50;48;43;43;45;45;Master;0;1,5;1
54;China;63;29;26;54;34;41;30;33;Bachelor;1;0,5;0
19;China;324;64;60;59;68;74;61;62;Master;2;1,1;2
22;Indonesia;715;100;99;100;100;96;92;98;High School;6;4,3;5
41;Vietnam;632;96;87;98;84;90;97;92;High School;5;2,5;4
34;Uzbekistan;241;49;47;43;66;68;56;56;Bachelor;0;0,6;1
18;China;426;86;84;76;82;76;77;77;Diploma;4;3,2;3
39;Nepal;529;88;72;84;96;84;89;82;Diploma;4;3,5;4
35;Indonesia;463;80;80;79;86;66;80;78;Diploma;2;2,6;3
50;Mongolia;358;48;74;60;65;46;58;59;Diploma;2;1,2;2
50;Philippines;201;40;59;37;56;62;59;54;High School;0;0,7;1
23;Indonesia;225;49;44;49;43;63;69;55;Bachelor;1;2;1
35;Thailand;455;75;76;76;73;87;80;79;Diploma;3;1,8;3
19;Nepal;628;91;86;85;76;89;97;91;Diploma;5;4;4
31;China;787;95;100;100;96;100;100;98;Master;5;4,3;5
18;China;145;41;51;49;44;41;33;41;Master;1;0,2;0
41;Mongolia;484;74;71;80;74;86;78;76;Master;4;2,3;3
19;Nepal;602;84;87;87;77;90;91;88;Diploma;3;3,5;4
22;Philippines;618;82;89;90;76;89;91;86;Master;3;4,4;4
25;China;211;42;52;53;55;45;64;46;High School;2;1,1;1
43;Indonesia;484;80;68;73;83;80;75;77;Diploma;3;3,1;3
37;Nepal;338;68;71;79;63;67;80;70;Master;2;1,9;2
37;Indonesia;242;50;53;48;44;47;47;51;Diploma;2;1,4;1
38;Vietnam;366;68;78;59;57;71;65;68;Diploma;1;2,4;2
50;Philippines;445;68;73;76;69;68;69;72;Diploma;4;3;3
53;Vietnam;278;35;22;58;59;46;50;45;High School;2;1,9;1
26;Mongolia;552;94;89;90;84;85;88;82;Bachelor;4;4;4
38;Uzbekistan;227;64;50;58;43;55;61;57;Master;2;1,6;1
31;Mongolia;217;61;64;65;76;56;64;62;High School;0;0,3;1
18;Vietnam;10;45;50;41;29;49;38;43;High School;0;0;0
47;Nepal;360;74;73;83;66;68;57;72;High School;2;1,2;2
48;Uzbekistan;467;83;90;76;70;84;77;74;Master;4;3,4;3
46;Vietnam;247;53;52;39;43;46;48;46;High School;0;1,6;1
27;Indonesia;619;82;93;83;82;79;83;83;Diploma;4;2,7;4
34;Uzbekistan;712;99;100;100;100;97;100;96;Bachelor;5;4,4;5
50;China;535;83;71;77;78;76;86;73;Diploma;2;2,5;3
34;Thailand;712;100;100;100;96;100;100;98;Diploma;5;4,4;5
18;Uzbekistan;559;75;78;93;72;72;68;86;High School;2;3;3
38;Thailand;267;33;34;47;50;50;48;40;High School;0;1,4;1
21;Vietnam;364;53;55;49;65;65;59;58;Diploma;1;2,4;2
19;Uzbekistan;623;88;92;90;89;100;75;90;Bachelor;5;4,5;4
42;Indonesia;52;41;31;40;40;34;46;36;Bachelor;0;1;0
49;Mongolia;723;100;100;77;100;100;94;94;Bachelor;4;4,2;5
24;China;545;76;79;70;64;92;100;79;Master;3;2,4;3
35;Vietnam;695;100;97;100;99;100;89;103;Master;6;4,6;5
31;Thailand;452;71;81;69;79;71;69;69;High School;2;3,1;3
37;Indonesia;137;24;49;42;33;16;29;35;Bachelor;0;0,3;0
40;China;729;88;88;100;96;100;100;92;Bachelor;5;4,4;5
30;Vietnam;384;59;61;75;61;62;70;62;Diploma;1;1,1;2
22;Uzbekistan;519;66;76;91;69;78;70;80;Master;3;2,5;3
37;Mongolia;608;96;89;87;100;85;90;94;Bachelor;3;3,6;4
33;Nepal;137;53;41;35;42;36;34;36;Diploma;0;0,3;0
21;Vietnam;143;37;28;37;39;44;41;33;High School;1;0,3;0
55;Nepal;336;60;65;64;58;81;66;62;Master;1;1,9;2
55;Uzbekistan;169;40;36;34;34;52;34;37;Master;0;0;0
19;Nepal;636;81;84;94;92;88;90;91;Diploma;3;3,6;4
24;Philippines;590;72;85;75;92;74;90;74;High School;4;3,4;4
34;Nepal;661;91;86;84;71;73;97;78;Master;5;3;4
53;Thailand;179;31;37;41;38;47;32;38;Bachelor;0;1;0
29;China;454;66;82;69;87;77;72;73;High School;4;2,8;3
40;Vietnam;446;63;68;67;83;70;81;77;Master;4;2,8;3
21;Vietnam;643;89;85;82;98;73;79;83;Master;4;3,7;4
31;Vietnam;446;67;56;82;64;65;71;68;Diploma;2;1,7;2
18;Thailand;604;85;94;95;87;90;94;92;Diploma;3;3,9;4
32;Thailand;87;44;46;48;43;30;50;39;Diploma;0;0,1;0
49;Philippines;340;72;60;62;57;77;68;66;High School;2;1,5;2
32;Thailand;369;54;65;58;76;66;60;62;Master;3;0,8;2
42;Indonesia;554;91;94;92;96;100;79;88;Diploma;4;3,7;4
47;Mongolia;341;65;55;62;39;65;55;58;High School;2;2;2
31;Vietnam;613;89;80;89;92;75;62;77;Master;3;3,5;4
42;Indonesia;382;61;69;69;64;50;69;62;Diploma;2;1,4;2
20;Nepal;611;76;90;93;88;75;84;85;Master;4;2,9;4
53;Philippines;540;75;77;71;69;78;84;77;Master;3;3,1;3
34;Philippines;497;74;73;68;87;87;67;76;Diploma;2;2,5;3
23;Thailand;207;58;54;47;56;66;52;51;Master;1;0;1
49;Thailand;444;77;89;71;71;87;75;79;Bachelor;4;3,2;3
26;Nepal;355;72;77;50;55;64;77;66;Diploma;3;2,9;2
45;Vietnam;275;59;56;53;56;50;62;51;Master;2;1,6;1
24;Philippines;114;37;41;36;50;36;38;41;High School;0;0,9;0
24;Uzbekistan;126;53;39;44;58;67;51;51;Diploma;0;2;1
23;Philippines;648;92;100;100;100;100;100;103;Diploma;4;4,5;5
29;Uzbekistan;489;69;77;74;75;76;86;79;Bachelor;4;2,8;3
20;Philippines;456;62;68;81;69;63;70;61;Bachelor;2;2,9;3
26;Nepal;357;59;79;70;55;56;71;62;Diploma;2;1,8;2
44;Nepal;463;82;90;81;84;78;70;86;Master;4;2,4;3
19;Nepal;810;100;97;100;100;92;92;95;High School;5;4;5
24;China;539;93;81;91;80;80;88;85;High School;4;4;4
55;Mongolia;301;52;53;54;41;62;47;49;Diploma;0;0,8;1
25;Mongolia;301;48;56;52;52;55;58;48;Bachelor;1;1,3;1
30;Mongolia;383;81;57;75;68;60;56;64;Diploma;2;1,3;2
35;Uzbekistan;284;50;57;61;46;61;62;60;High School;1;1,2;1
25;China;287;62;54;50;54;38;38;46;Diploma;0;0,6;1
46;Thailand;502;73;77;65;78;75;78;71;High School;3;2,7;3
48;Thailand;602;79;93;93;93;90;82;92;Diploma;4;2,5;4
19;Indonesia;768;100;91;93;100;100;97;91;Diploma;4;4,4;5
39;Thailand;742;100;99;90;98;100;99;96;High School;5;4,2;5
26;Uzbekistan;354;68;67;64;60;59;58;58;Master;3;1,8;2
38;Vietnam;612;88;95;86;87;72;90;85;Diploma;4;2,7;4
